{
"type": "FeatureCollection",
"name": "pol",
"crs": { "type": "name", "properties": { "name": "urn:ogc:def:crs:OGC:1.3:CRS84" } },
"features": [
{ "type": "Feature", "properties": { }, "geometry": { "type": "LineString", "coordinates": [ [ -1.663032254375976, 52.686810943206538, 0.0 ], [ -1.663000953795506, 52.686821660006011, 0.0 ] ] } },
{ "type": "Feature", "properties": { }, "geometry": { "type": "LineString", "coordinates": [ [ -1.661772463186305, 52.68762086358128, 0.0 ], [ -1.661754006525107, 52.68768951249757, 0.0 ] ] } },
{ "type": "Feature", "properties": { }, "geometry": { "type": "LineString", "coordinates": [ [ -1.657271854145371, 52.685184401980727, 0.0 ], [ -1.657223126928648, 52.685184261274927, 0.0 ] ] } },
{ "type": "Feature", "properties": { }, "geometry": { "type": "LineString", "coordinates": [ [ -1.657320592523515, 52.685183194243692, 0.0 ], [ -1.657223136805565, 52.685182912848425, 0.0 ] ] } },
{ "type": "Feature", "properties": { }, "geometry": { "type": "LineString", "coordinates": [ [ -1.657320602397367, 52.685181845817198, 0.0 ], [ -1.657223146682481, 52.685181564421917, 0.0 ] ] } },
{ "type": "Feature", "properties": { }, "geometry": { "type": "LineString", "coordinates": [ [ -1.657320612271219, 52.685180497390689, 0.0 ], [ -1.657223156559396, 52.685180215995402, 0.0 ] ] } },
{ "type": "Feature", "properties": { }, "geometry": { "type": "LineString", "coordinates": [ [ -1.657320622145069, 52.685179148964188, 0.0 ], [ -1.657271894935843, 52.685179008278418, 0.0 ] ] } },
{ "type": "Feature", "properties": { }, "geometry": { "type": "LineString", "coordinates": [ [ -1.657318492124789, 52.685179134597242, 0.0 ], [ -1.657318450053535, 52.685184528296041, 0.0 ] ] } },
{ "type": "Feature", "properties": { }, "geometry": { "type": "LineString", "coordinates": [ [ -1.657316273241613, 52.685179128582547, 0.0 ], [ -1.65731623117008, 52.685184522281368, 0.0 ] ] } },
{ "type": "Feature", "properties": { }, "geometry": { "type": "LineString", "coordinates": [ [ -1.657314054358438, 52.685179122567831, 0.0 ], [ -1.657314012286626, 52.685184516266631, 0.0 ] ] } },
{ "type": "Feature", "properties": { }, "geometry": { "type": "LineString", "coordinates": [ [ -1.657311835475265, 52.685179116553059, 0.0 ], [ -1.657311793403173, 52.685184510251879, 0.0 ] ] } },
{ "type": "Feature", "properties": { }, "geometry": { "type": "LineString", "coordinates": [ [ -1.657309616592091, 52.685179110538257, 0.0 ], [ -1.657309574519721, 52.685184504237064, 0.0 ] ] } },
{ "type": "Feature", "properties": { }, "geometry": { "type": "LineString", "coordinates": [ [ -1.657307397708919, 52.685179104523399, 0.0 ], [ -1.65730735563627, 52.685184498222206, 0.0 ] ] } },
{ "type": "Feature", "properties": { }, "geometry": { "type": "LineString", "coordinates": [ [ -1.657305178825747, 52.685179098508506, 0.0 ], [ -1.657305136752819, 52.68518449220732, 0.0 ] ] } },
{ "type": "Feature", "properties": { }, "geometry": { "type": "LineString", "coordinates": [ [ -1.657302959942576, 52.685179092493584, 0.0 ], [ -1.657302917869369, 52.685184486192398, 0.0 ] ] } },
{ "type": "Feature", "properties": { }, "geometry": { "type": "LineString", "coordinates": [ [ -1.657300741059407, 52.685179086478598, 0.0 ], [ -1.657300698985921, 52.685184480177426, 0.0 ] ] } },
{ "type": "Feature", "properties": { }, "geometry": { "type": "LineString", "coordinates": [ [ -1.657298522176238, 52.685179080463591, 0.0 ], [ -1.657298480102473, 52.685184474162405, 0.0 ] ] } },
{ "type": "Feature", "properties": { }, "geometry": { "type": "LineString", "coordinates": [ [ -1.65729630329307, 52.685179074448534, 0.0 ], [ -1.657296261219026, 52.685184468147348, 0.0 ] ] } },
{ "type": "Feature", "properties": { }, "geometry": { "type": "LineString", "coordinates": [ [ -1.657294084409902, 52.685179068433442, 0.0 ], [ -1.657294042335579, 52.685184462132248, 0.0 ] ] } },
{ "type": "Feature", "properties": { }, "geometry": { "type": "LineString", "coordinates": [ [ -1.657291865526735, 52.685179062418285, 0.0 ], [ -1.657291823452133, 52.685184456117106, 0.0 ] ] } },
{ "type": "Feature", "properties": { }, "geometry": { "type": "LineString", "coordinates": [ [ -1.65728964664357, 52.685179056403108, 0.0 ], [ -1.657289604568689, 52.685184450101929, 0.0 ] ] } },
{ "type": "Feature", "properties": { }, "geometry": { "type": "LineString", "coordinates": [ [ -1.657287427760405, 52.685179050387895, 0.0 ], [ -1.657287385685244, 52.685184444086701, 0.0 ] ] } },
{ "type": "Feature", "properties": { }, "geometry": { "type": "LineString", "coordinates": [ [ -1.657285208877241, 52.685179044372632, 0.0 ], [ -1.657285166801802, 52.685184438071445, 0.0 ] ] } },
{ "type": "Feature", "properties": { }, "geometry": { "type": "LineString", "coordinates": [ [ -1.657282989994078, 52.685179038357326, 0.0 ], [ -1.657282947918359, 52.685184432056133, 0.0 ] ] } },
{ "type": "Feature", "properties": { }, "geometry": { "type": "LineString", "coordinates": [ [ -1.657280771110915, 52.685179032341964, 0.0 ], [ -1.657280729034917, 52.685184426040784, 0.0 ] ] } },
{ "type": "Feature", "properties": { }, "geometry": { "type": "LineString", "coordinates": [ [ -1.657278552227754, 52.685179026326587, 0.0 ], [ -1.657278510151477, 52.685184420025394, 0.0 ] ] } },
{ "type": "Feature", "properties": { }, "geometry": { "type": "LineString", "coordinates": [ [ -1.657276333344592, 52.685179020311153, 0.0 ], [ -1.657276291268037, 52.685184414009974, 0.0 ] ] } },
{ "type": "Feature", "properties": { }, "geometry": { "type": "LineString", "coordinates": [ [ -1.657274114461433, 52.685179014295677, 0.0 ], [ -1.657274072384598, 52.685184407994498, 0.0 ] ] } },
{ "type": "Feature", "properties": { }, "geometry": { "type": "LineString", "coordinates": [ [ -1.657271895578273, 52.685179008280166, 0.0 ], [ -1.65727185350116, 52.685184401978979, 0.0 ] ] } },
{ "type": "Feature", "properties": { }, "geometry": { "type": "LineString", "coordinates": [ [ -1.657269676695114, 52.685179002264597, 0.0 ], [ -1.657269634617722, 52.685184395963439, 0.0 ] ] } },
{ "type": "Feature", "properties": { }, "geometry": { "type": "LineString", "coordinates": [ [ -1.657267457811957, 52.685178996249007, 0.0 ], [ -1.657267415734285, 52.685184389947835, 0.0 ] ] } },
{ "type": "Feature", "properties": { }, "geometry": { "type": "LineString", "coordinates": [ [ -1.6572652389288, 52.685178990233375, 0.0 ], [ -1.657265196850849, 52.685184383932196, 0.0 ] ] } },
{ "type": "Feature", "properties": { }, "geometry": { "type": "LineString", "coordinates": [ [ -1.657263020045645, 52.685178984217693, 0.0 ], [ -1.657262977967415, 52.685184377916514, 0.0 ] ] } },
{ "type": "Feature", "properties": { }, "geometry": { "type": "LineString", "coordinates": [ [ -1.657260801162489, 52.685178978201968, 0.0 ], [ -1.657260759083981, 52.685184371900782, 0.0 ] ] } },
{ "type": "Feature", "properties": { }, "geometry": { "type": "LineString", "coordinates": [ [ -1.657258582279334, 52.685178972186193, 0.0 ], [ -1.657258540200546, 52.685184365885036, 0.0 ] ] } },
{ "type": "Feature", "properties": { }, "geometry": { "type": "LineString", "coordinates": [ [ -1.657256363396181, 52.685178966170405, 0.0 ], [ -1.657256321317115, 52.685184359869226, 0.0 ] ] } },
{ "type": "Feature", "properties": { }, "geometry": { "type": "LineString", "coordinates": [ [ -1.657254144513028, 52.685178960154552, 0.0 ], [ -1.657254102433682, 52.685184353853373, 0.0 ] ] } },
{ "type": "Feature", "properties": { }, "geometry": { "type": "LineString", "coordinates": [ [ -1.657251925629877, 52.685178954138671, 0.0 ], [ -1.657251883550252, 52.685184347837499, 0.0 ] ] } },
{ "type": "Feature", "properties": { }, "geometry": { "type": "LineString", "coordinates": [ [ -1.657249706746725, 52.685178948122726, 0.0 ], [ -1.657249664666822, 52.685184341821561, 0.0 ] ] } },
{ "type": "Feature", "properties": { }, "geometry": { "type": "LineString", "coordinates": [ [ -1.657247487863575, 52.685178942106759, 0.0 ], [ -1.657247445783392, 52.685184335805587, 0.0 ] ] } },
{ "type": "Feature", "properties": { }, "geometry": { "type": "LineString", "coordinates": [ [ -1.657245268980426, 52.685178936090757, 0.0 ], [ -1.657245226899964, 52.685184329789585, 0.0 ] ] } },
{ "type": "Feature", "properties": { }, "geometry": { "type": "LineString", "coordinates": [ [ -1.657243050097277, 52.685178930074692, 0.0 ], [ -1.657243008016536, 52.685184323773527, 0.0 ] ] } },
{ "type": "Feature", "properties": { }, "geometry": { "type": "LineString", "coordinates": [ [ -1.65724083121413, 52.685178924058604, 0.0 ], [ -1.657240789133109, 52.685184317757439, 0.0 ] ] } },
{ "type": "Feature", "properties": { }, "geometry": { "type": "LineString", "coordinates": [ [ -1.657238612330982, 52.685178918042453, 0.0 ], [ -1.657238570249683, 52.685184311741295, 0.0 ] ] } },
{ "type": "Feature", "properties": { }, "geometry": { "type": "LineString", "coordinates": [ [ -1.657236393447836, 52.685178912026281, 0.0 ], [ -1.657236351366257, 52.685184305725116, 0.0 ] ] } },
{ "type": "Feature", "properties": { }, "geometry": { "type": "LineString", "coordinates": [ [ -1.657234174564691, 52.685178906010066, 0.0 ], [ -1.657234132482833, 52.685184299708894, 0.0 ] ] } },
{ "type": "Feature", "properties": { }, "geometry": { "type": "LineString", "coordinates": [ [ -1.657231955681545, 52.685178899993808, 0.0 ], [ -1.657231913599409, 52.685184293692636, 0.0 ] ] } },
{ "type": "Feature", "properties": { }, "geometry": { "type": "LineString", "coordinates": [ [ -1.657229736798402, 52.685178893977501, 0.0 ], [ -1.657229694715987, 52.685184287676336, 0.0 ] ] } },
{ "type": "Feature", "properties": { }, "geometry": { "type": "LineString", "coordinates": [ [ -1.657227517915259, 52.68517888796115, 0.0 ], [ -1.657227475832565, 52.685184281659993, 0.0 ] ] } },
{ "type": "Feature", "properties": { }, "geometry": { "type": "LineString", "coordinates": [ [ -1.657225299032116, 52.685178881944772, 0.0 ], [ -1.657225256949143, 52.685184275643607, 0.0 ] ] } },
{ "type": "Feature", "properties": { }, "geometry": { "type": "LineString", "coordinates": [ [ -1.657223146619538, 52.685181573015043, 0.0 ], [ -1.65732060246029, 52.685181837224064, 0.0 ] ] } },
{ "type": "Feature", "properties": { }, "geometry": { "type": "LineString", "coordinates": [ [ -1.657223166373367, 52.685178876162141, 0.0 ], [ -1.657320622207991, 52.685179140371176, 0.0 ] ] } },
{ "type": "Feature", "properties": { }, "geometry": { "type": "LineString", "coordinates": [ [ -1.657223126865707, 52.685184269867953, 0.0 ], [ -1.657320582712586, 52.68518453407696, 0.0 ] ] } },
{ "type": "Feature", "properties": { }, "geometry": { "type": "LineString", "coordinates": [ [ -1.657279934277134, 52.685189243287745, -7.897623437961365 ], [ -1.657305754487427, 52.685213392542785, -7.897623437961365 ], [ -1.6573205470334, 52.685213435249786, -7.897623437961365 ] ] } },
{ "type": "Feature", "properties": { }, "geometry": { "type": "LineString", "coordinates": [ [ -1.667837689412899, 52.688590501841496, 0.0 ], [ -1.667831762415993, 52.688590485259766, 0.0 ] ] } },
{ "type": "Feature", "properties": { }, "geometry": { "type": "LineString", "coordinates": [ [ -1.667837825432975, 52.688589153770437, 0.0 ], [ -1.667831898436256, 52.688589137188707, 0.0 ] ] } },
{ "type": "Feature", "properties": { }, "geometry": { "type": "LineString", "coordinates": [ [ -1.667837961453043, 52.68858780569937, 0.0 ], [ -1.66783203445651, 52.688587789117648, 0.0 ] ] } },
{ "type": "Feature", "properties": { }, "geometry": { "type": "LineString", "coordinates": [ [ -1.667838097473102, 52.688586457628311, 0.0 ], [ -1.667832170476756, 52.688586441046596, 0.0 ] ] } },
{ "type": "Feature", "properties": { }, "geometry": { "type": "LineString", "coordinates": [ [ -1.667838233493153, 52.688585109557238, 0.0 ], [ -1.667832306496992, 52.688585092975529, 0.0 ] ] } },
{ "type": "Feature", "properties": { }, "geometry": { "type": "LineString", "coordinates": [ [ -1.667838369513195, 52.688583761486164, 0.0 ], [ -1.66783244251722, 52.68858374490447, 0.0 ] ] } },
{ "type": "Feature", "properties": { }, "geometry": { "type": "LineString", "coordinates": [ [ -1.667838505533227, 52.688582413415112, 0.0 ], [ -1.667832578537439, 52.688582396833411, 0.0 ] ] } },
{ "type": "Feature", "properties": { }, "geometry": { "type": "LineString", "coordinates": [ [ -1.667838641553252, 52.688581065344039, 0.0 ], [ -1.66783271455765, 52.688581048762344, 0.0 ] ] } },
{ "type": "Feature", "properties": { }, "geometry": { "type": "LineString", "coordinates": [ [ -1.667838777573267, 52.688579717272972, 0.0 ], [ -1.667832850577852, 52.688579700691285, 0.0 ] ] } },
{ "type": "Feature", "properties": { }, "geometry": { "type": "LineString", "coordinates": [ [ -1.667838913593273, 52.688578369201906, 0.0 ], [ -1.667832986598045, 52.688578352620226, 0.0 ] ] } },
{ "type": "Feature", "properties": { }, "geometry": { "type": "LineString", "coordinates": [ [ -1.667839049613272, 52.688577021130833, 0.0 ], [ -1.667833122618229, 52.688577004549174, 0.0 ] ] } },
{ "type": "Feature", "properties": { }, "geometry": { "type": "LineString", "coordinates": [ [ -1.667839185633261, 52.688575673059773, 0.0 ], [ -1.667833258638404, 52.6885756564781, 0.0 ] ] } },
{ "type": "Feature", "properties": { }, "geometry": { "type": "LineString", "coordinates": [ [ -1.667839321653242, 52.688574324988693, 0.0 ], [ -1.667833394658571, 52.688574308407034, 0.0 ] ] } },
{ "type": "Feature", "properties": { }, "geometry": { "type": "LineString", "coordinates": [ [ -1.667839457673214, 52.688572976917634, 0.0 ], [ -1.667833530678729, 52.688572960335968, 0.0 ] ] } },
{ "type": "Feature", "properties": { }, "geometry": { "type": "LineString", "coordinates": [ [ -1.667839593693176, 52.68857162884656, 0.0 ], [ -1.667833666698878, 52.688571612264909, 0.0 ] ] } },
{ "type": "Feature", "properties": { }, "geometry": { "type": "LineString", "coordinates": [ [ -1.667839729713131, 52.688570280775487, 0.0 ], [ -1.667833802719019, 52.688570264193849, 0.0 ] ] } },
{ "type": "Feature", "properties": { }, "geometry": { "type": "LineString", "coordinates": [ [ -1.667839865733076, 52.68856893270442, 0.0 ], [ -1.667833938739151, 52.688568916122776, 0.0 ] ] } },
{ "type": "Feature", "properties": { }, "geometry": { "type": "LineString", "coordinates": [ [ -1.667840001753013, 52.68856758463334, 0.0 ], [ -1.667834074759274, 52.688567568051717, 0.0 ] ] } },
{ "type": "Feature", "properties": { }, "geometry": { "type": "LineString", "coordinates": [ [ -1.667840137772942, 52.688566236562266, 0.0 ], [ -1.667834210779388, 52.688566219980643, 0.0 ] ] } },
{ "type": "Feature", "properties": { }, "geometry": { "type": "LineString", "coordinates": [ [ -1.667840273792861, 52.6885648884912, 0.0 ], [ -1.667834346799494, 52.688564871909584, 0.0 ] ] } },
{ "type": "Feature", "properties": { }, "geometry": { "type": "LineString", "coordinates": [ [ -1.667840409812772, 52.688563540420127, 0.0 ], [ -1.667834482819591, 52.688563523838511, 0.0 ] ] } },
{ "type": "Feature", "properties": { }, "geometry": { "type": "LineString", "coordinates": [ [ -1.667840545832673, 52.688562192349053, 0.0 ], [ -1.667834618839679, 52.688562175767437, 0.0 ] ] } },
{ "type": "Feature", "properties": { }, "geometry": { "type": "LineString", "coordinates": [ [ -1.667840681852566, 52.688560844277987, 0.0 ], [ -1.667834754859758, 52.688560827696385, 0.0 ] ] } },
{ "type": "Feature", "properties": { }, "geometry": { "type": "LineString", "coordinates": [ [ -1.66784081787245, 52.688559496206906, 0.0 ], [ -1.667834890879829, 52.688559479625312, 0.0 ] ] } },
{ "type": "Feature", "properties": { }, "geometry": { "type": "LineString", "coordinates": [ [ -1.667840953892326, 52.68855814813584, 0.0 ], [ -1.667835026899891, 52.688558131554245, 0.0 ] ] } },
{ "type": "Feature", "properties": { }, "geometry": { "type": "LineString", "coordinates": [ [ -1.667841089912193, 52.688556800064767, 0.0 ], [ -1.667835162919943, 52.688556783483179, 0.0 ] ] } },
{ "type": "Feature", "properties": { }, "geometry": { "type": "LineString", "coordinates": [ [ -1.667841225932051, 52.688555451993693, 0.0 ], [ -1.667835298939988, 52.688555435412106, 0.0 ] ] } },
{ "type": "Feature", "properties": { }, "geometry": { "type": "LineString", "coordinates": [ [ -1.667841361951901, 52.688554103922613, 0.0 ], [ -1.667835434960024, 52.688554087341046, 0.0 ] ] } },
{ "type": "Feature", "properties": { }, "geometry": { "type": "LineString", "coordinates": [ [ -1.667841497971742, 52.688552755851539, 0.0 ], [ -1.667835570980051, 52.688552739269973, 0.0 ] ] } },
{ "type": "Feature", "properties": { }, "geometry": { "type": "LineString", "coordinates": [ [ -1.667841633991574, 52.688551407780459, 0.0 ], [ -1.667835707000068, 52.688551391198899, 0.0 ] ] } },
{ "type": "Feature", "properties": { }, "geometry": { "type": "LineString", "coordinates": [ [ -1.667841770011397, 52.688550059709385, 0.0 ], [ -1.667835843020078, 52.688550043127826, 0.0 ] ] } },
{ "type": "Feature", "properties": { }, "geometry": { "type": "LineString", "coordinates": [ [ -1.667841906031212, 52.688548711638312, 0.0 ], [ -1.667835979040079, 52.68854869505676, 0.0 ] ] } },
{ "type": "Feature", "properties": { }, "geometry": { "type": "LineString", "coordinates": [ [ -1.667842042051017, 52.688547363567224, 0.0 ], [ -1.667836115060071, 52.688547346985686, 0.0 ] ] } },
{ "type": "Feature", "properties": { }, "geometry": { "type": "LineString", "coordinates": [ [ -1.667842178070814, 52.688546015496151, 0.0 ], [ -1.667836251080054, 52.688545998914613, 0.0 ] ] } },
{ "type": "Feature", "properties": { }, "geometry": { "type": "LineString", "coordinates": [ [ -1.667842314090603, 52.688544667425077, 0.0 ], [ -1.667836387100029, 52.688544650843546, 0.0 ] ] } },
{ "type": "Feature", "properties": { }, "geometry": { "type": "LineString", "coordinates": [ [ -1.667842450110382, 52.68854331935399, 0.0 ], [ -1.667836523119995, 52.688543302772473, 0.0 ] ] } },
{ "type": "Feature", "properties": { }, "geometry": { "type": "LineString", "coordinates": [ [ -1.667842586130152, 52.688541971282916, 0.0 ], [ -1.667836659139952, 52.688541954701392, 0.0 ] ] } },
{ "type": "Feature", "properties": { }, "geometry": { "type": "LineString", "coordinates": [ [ -1.667842722149914, 52.688540623211836, 0.0 ], [ -1.6678367951599, 52.688540606630312, 0.0 ] ] } },
{ "type": "Feature", "properties": { }, "geometry": { "type": "LineString", "coordinates": [ [ -1.667842858169667, 52.688539275140755, 0.0 ], [ -1.66783693117984, 52.688539258559253, 0.0 ] ] } },
{ "type": "Feature", "properties": { }, "geometry": { "type": "LineString", "coordinates": [ [ -1.667842994189412, 52.688537927069675, 0.0 ], [ -1.66783706719977, 52.688537910488172, 0.0 ] ] } },
{ "type": "Feature", "properties": { }, "geometry": { "type": "LineString", "coordinates": [ [ -1.667843130209148, 52.688536578998594, 0.0 ], [ -1.667837203219692, 52.688536562417106, 0.0 ] ] } },
{ "type": "Feature", "properties": { }, "geometry": { "type": "LineString", "coordinates": [ [ -1.667843266228875, 52.688535230927513, 0.0 ], [ -1.667837339239605, 52.688535214346025, 0.0 ] ] } },
{ "type": "Feature", "properties": { }, "geometry": { "type": "LineString", "coordinates": [ [ -1.667843402248594, 52.688533882856419, 0.0 ], [ -1.667837475259509, 52.688533866274945, 0.0 ] ] } },
{ "type": "Feature", "properties": { }, "geometry": { "type": "LineString", "coordinates": [ [ -1.667843538268303, 52.688532534785352, 0.0 ], [ -1.667837611279405, 52.688532518203878, 0.0 ] ] } },
{ "type": "Feature", "properties": { }, "geometry": { "type": "LineString", "coordinates": [ [ -1.667843674288004, 52.688531186714272, 0.0 ], [ -1.667837747299292, 52.688531170132791, 0.0 ] ] } },
{ "type": "Feature", "properties": { }, "geometry": { "type": "LineString", "coordinates": [ [ -1.667843810307696, 52.688529838643184, 0.0 ], [ -1.667837883319171, 52.688529822061717, 0.0 ] ] } },
{ "type": "Feature", "properties": { }, "geometry": { "type": "LineString", "coordinates": [ [ -1.66784394632738, 52.688528490572104, 0.0 ], [ -1.66783801933904, 52.688528473990637, 0.0 ] ] } },
{ "type": "Feature", "properties": { }, "geometry": { "type": "LineString", "coordinates": [ [ -1.667844082347054, 52.688527142501023, 0.0 ], [ -1.667838155358901, 52.688527125919563, 0.0 ] ] } },
{ "type": "Feature", "properties": { }, "geometry": { "type": "LineString", "coordinates": [ [ -1.66784421836672, 52.688525794429935, 0.0 ], [ -1.667838291378754, 52.688525777848483, 0.0 ] ] } },
{ "type": "Feature", "properties": { }, "geometry": { "type": "LineString", "coordinates": [ [ -1.667844354386377, 52.688524446358841, 0.0 ], [ -1.667838427398597, 52.688524429777402, 0.0 ] ] } },
{ "type": "Feature", "properties": { }, "geometry": { "type": "LineString", "coordinates": [ [ -1.667844490406025, 52.688523098287767, 0.0 ], [ -1.667838563418432, 52.688523081706322, 0.0 ] ] } },
{ "type": "Feature", "properties": { }, "geometry": { "type": "LineString", "coordinates": [ [ -1.667844626425665, 52.688521750216687, 0.0 ], [ -1.667838699438258, 52.688521733635241, 0.0 ] ] } },
{ "type": "Feature", "properties": { }, "geometry": { "type": "LineString", "coordinates": [ [ -1.667844762445296, 52.688520402145592, 0.0 ], [ -1.667838835458075, 52.688520385564168, 0.0 ] ] } },
{ "type": "Feature", "properties": { }, "geometry": { "type": "LineString", "coordinates": [ [ -1.667844898464918, 52.688519054074504, 0.0 ], [ -1.667838971477883, 52.68851903749308, 0.0 ] ] } },
{ "type": "Feature", "properties": { }, "geometry": { "type": "LineString", "coordinates": [ [ -1.667845034484531, 52.688517706003424, 0.0 ], [ -1.667839107497682, 52.688517689422014, 0.0 ] ] } },
{ "type": "Feature", "properties": { }, "geometry": { "type": "LineString", "coordinates": [ [ -1.667845170504136, 52.688516357932329, 0.0 ], [ -1.667839243517473, 52.688516341350926, 0.0 ] ] } },
{ "type": "Feature", "properties": { }, "geometry": { "type": "LineString", "coordinates": [ [ -1.667845306523732, 52.688515009861241, 0.0 ], [ -1.667839379537255, 52.688514993279838, 0.0 ] ] } },
{ "type": "Feature", "properties": { }, "geometry": { "type": "LineString", "coordinates": [ [ -1.667845442543319, 52.688513661790161, 0.0 ], [ -1.667839515557029, 52.688513645208765, 0.0 ] ] } },
{ "type": "Feature", "properties": { }, "geometry": { "type": "LineString", "coordinates": [ [ -1.667845578562898, 52.688512313719066, 0.0 ], [ -1.667839651576793, 52.68851229713767, 0.0 ] ] } },
{ "type": "Feature", "properties": { }, "geometry": { "type": "LineString", "coordinates": [ [ -1.667845714582468, 52.688510965647986, 0.0 ], [ -1.66783978759655, 52.688510949066604, 0.0 ] ] } },
{ "type": "Feature", "properties": { }, "geometry": { "type": "LineString", "coordinates": [ [ -1.667845850602029, 52.688509617576891, 0.0 ], [ -1.667839923616297, 52.688509600995516, 0.0 ] ] } },
{ "type": "Feature", "properties": { }, "geometry": { "type": "LineString", "coordinates": [ [ -1.667845769445521, 52.688509602100545, 0.0 ], [ -1.667845762750034, 52.688510488265884, 0.0 ] ] } },
{ "type": "Feature", "properties": { }, "geometry": { "type": "LineString", "coordinates": [ [ -1.667843550968364, 52.688509519430227, 0.0 ], [ -1.667843364025034, 52.688534261684424, 0.0 ] ] } },
{ "type": "Feature", "properties": { }, "geometry": { "type": "LineString", "coordinates": [ [ -1.667841332491215, 52.68850943675988, 0.0 ], [ -1.667840965297316, 52.688558035102808, 0.0 ] ] } },
{ "type": "Feature", "properties": { }, "geometry": { "type": "LineString", "coordinates": [ [ -1.667839046464135, 52.688518294316019, 0.0 ], [ -1.667838566566879, 52.688581808521086, 0.0 ] ] } },
{ "type": "Feature", "properties": { }, "geometry": { "type": "LineString", "coordinates": [ [ -1.667836647734956, 52.688542067734396, 0.0 ], [ -1.667836280535303, 52.688590666077097, 0.0 ] ] } },
{ "type": "Feature", "properties": { }, "geometry": { "type": "LineString", "coordinates": [ [ -1.66783424900306, 52.688565841152666, 0.0 ], [ -1.667834062053972, 52.688590583406636, 0.0 ] ] } },
{ "type": "Feature", "properties": { }, "geometry": { "type": "LineString", "coordinates": [ [ -1.667831850268443, 52.688589614570787, 0.0 ], [ -1.667831843572649, 52.688590500736126, 0.0 ] ] } },
{ "type": "Feature", "properties": { }, "geometry": { "type": "LineString", "coordinates": [ [ -1.66784289862836, 52.688509495121146, 0.0 ], [ -1.667834714395203, 52.68859060771576, 0.0 ] ] } },
{ "type": "Feature", "properties": { }, "geometry": { "type": "LineString", "coordinates": [ [ -1.667845851853732, 52.688509605171433, 0.0 ], [ -1.667837777103424, 52.68858963275612, 0.0 ] ] } },
{ "type": "Feature", "properties": { }, "geometry": { "type": "LineString", "coordinates": [ [ -1.667839945403003, 52.688509385070752, 0.0 ], [ -1.667831761164283, 52.688590497665224, 0.0 ] ] } },
{ "type": "Feature", "properties": { }, "geometry": { "type": "LineString", "coordinates": [ [ -1.667827091519696, 52.688544561621327, -21.755475497498367 ], [ -1.667793762940395, 52.688528943407697, -21.755475497498367 ], [ -1.667778969234631, 52.688528902013715, -21.755475497498367 ] ] } },
{ "type": "Feature", "properties": { }, "geometry": { "type": "LineString", "coordinates": [ [ -1.667834714395203, 52.68859060771576, 0.0 ], [ -1.667897742722671, 52.688613796702931, 0.0 ] ] } },
{ "type": "Feature", "properties": { }, "geometry": { "type": "LineString", "coordinates": [ [ -1.667856363701163, 52.688608901349824, 21.929184904691084 ], [ -1.667834362299369, 52.688623842306463, 21.929184904691084 ], [ -1.667819568560807, 52.688623800917711, 21.929184904691084 ], [ -1.667856363701163, 52.688608901349824, 21.929184904691084 ] ] } },
{ "type": "Feature", "properties": { }, "geometry": { "type": "LineString", "coordinates": [ [ -1.669114092813533, 52.685457234221509, 0.0 ], [ -1.669153748257207, 52.685463447820666, 0.0 ] ] } },
{ "type": "Feature", "properties": { }, "geometry": { "type": "LineString", "coordinates": [ [ -1.669135648625567, 52.685469269072648, -4.853904432689586 ], [ -1.669142670219257, 52.685505545548658, -4.853904432689586 ], [ -1.669157462892447, 52.685505586768613, -4.853904432689586 ] ] } },
{ "type": "Feature", "properties": { }, "geometry": { "type": "LineString", "coordinates": [ [ -1.669153748257207, 52.685463447820666, 0.0 ], [ -1.669201311299513, 52.685463263206088, 0.0 ] ] } },
{ "type": "Feature", "properties": { }, "geometry": { "type": "LineString", "coordinates": [ [ -1.658778627323411, 52.683699039891437, 0.0 ], [ -1.658623869877767, 52.683698667483263, 0.0 ] ] } },
{ "type": "Feature", "properties": { }, "geometry": { "type": "LineString", "coordinates": [ [ -1.661579450883589, 52.688510783378717, 0.0 ], [ -1.661583392779864, 52.688493814590508, 0.0 ] ] } },
{ "type": "Feature", "properties": { }, "geometry": { "type": "LineString", "coordinates": [ [ -1.661586372814333, 52.688493863019382, 0.0 ], [ -1.661583844030723, 52.688493855811309, 0.0 ] ] } },
{ "type": "Feature", "properties": { }, "geometry": { "type": "LineString", "coordinates": [ [ -1.661586706148387, 52.688492515516323, 0.0 ], [ -1.661580726336203, 52.688492498471355, 0.0 ] ] } },
{ "type": "Feature", "properties": { }, "geometry": { "type": "LineString", "coordinates": [ [ -1.661587039482421, 52.688491168013286, 0.0 ], [ -1.661581059670424, 52.688491150968318, 0.0 ] ] } },
{ "type": "Feature", "properties": { }, "geometry": { "type": "LineString", "coordinates": [ [ -1.661587372816433, 52.688489820510213, 0.0 ], [ -1.661581393004624, 52.688489803465274, 0.0 ] ] } },
{ "type": "Feature", "properties": { }, "geometry": { "type": "LineString", "coordinates": [ [ -1.661587706150424, 52.688488473007176, 0.0 ], [ -1.661581726338803, 52.688488455962244, 0.0 ] ] } },
{ "type": "Feature", "properties": { }, "geometry": { "type": "LineString", "coordinates": [ [ -1.661588039484394, 52.688487125504096, 0.0 ], [ -1.661582059672961, 52.688487108459199, 0.0 ] ] } },
{ "type": "Feature", "properties": { }, "geometry": { "type": "LineString", "coordinates": [ [ -1.661588372818343, 52.688485778001052, 0.0 ], [ -1.661582393007097, 52.688485760956155, 0.0 ] ] } },
{ "type": "Feature", "properties": { }, "geometry": { "type": "LineString", "coordinates": [ [ -1.661588706152271, 52.688484430497986, 0.0 ], [ -1.661582726341213, 52.688484413453118, 0.0 ] ] } },
{ "type": "Feature", "properties": { }, "geometry": { "type": "LineString", "coordinates": [ [ -1.661589039486177, 52.688483082994928, 0.0 ], [ -1.661583059675307, 52.688483065950059, 0.0 ] ] } },
{ "type": "Feature", "properties": { }, "geometry": { "type": "LineString", "coordinates": [ [ -1.661589372820063, 52.688481735491862, 0.0 ], [ -1.66158339300938, 52.688481718447029, 0.0 ] ] } },
{ "type": "Feature", "properties": { }, "geometry": { "type": "LineString", "coordinates": [ [ -1.661589706153927, 52.688480387988804, 0.0 ], [ -1.661583726343433, 52.688480370943978, 0.0 ] ] } },
{ "type": "Feature", "properties": { }, "geometry": { "type": "LineString", "coordinates": [ [ -1.66159003948777, 52.688479040485738, 0.0 ], [ -1.661584059677463, 52.688479023440927, 0.0 ] ] } },
{ "type": "Feature", "properties": { }, "geometry": { "type": "LineString", "coordinates": [ [ -1.661590372821592, 52.688477692982673, 0.0 ], [ -1.661584393011473, 52.688477675937875, 0.0 ] ] } },
{ "type": "Feature", "properties": { }, "geometry": { "type": "LineString", "coordinates": [ [ -1.661590706155393, 52.688476345479621, 0.0 ], [ -1.661584726345462, 52.688476328434817, 0.0 ] ] } },
{ "type": "Feature", "properties": { }, "geometry": { "type": "LineString", "coordinates": [ [ -1.661591039489173, 52.688474997976535, 0.0 ], [ -1.661585059679429, 52.688474980931787, 0.0 ] ] } },
{ "type": "Feature", "properties": { }, "geometry": { "type": "LineString", "coordinates": [ [ -1.661591372822932, 52.688473650473476, 0.0 ], [ -1.661585393013375, 52.688473633428728, 0.0 ] ] } },
{ "type": "Feature", "properties": { }, "geometry": { "type": "LineString", "coordinates": [ [ -1.661591706156669, 52.688472302970403, 0.0 ], [ -1.6615857263473, 52.688472285925663, 0.0 ] ] } },
{ "type": "Feature", "properties": { }, "geometry": { "type": "LineString", "coordinates": [ [ -1.661592039490386, 52.688470955467331, 0.0 ], [ -1.661586059681205, 52.688470938422611, 0.0 ] ] } },
{ "type": "Feature", "properties": { }, "geometry": { "type": "LineString", "coordinates": [ [ -1.661592372824081, 52.688469607964265, 0.0 ], [ -1.661586393015088, 52.68846959091956, 0.0 ] ] } },
{ "type": "Feature", "properties": { }, "geometry": { "type": "LineString", "coordinates": [ [ -1.661592706157755, 52.688468260461185, 0.0 ], [ -1.661586726348949, 52.688468243416494, 0.0 ] ] } },
{ "type": "Feature", "properties": { }, "geometry": { "type": "LineString", "coordinates": [ [ -1.661593039491408, 52.68846691295812, 0.0 ], [ -1.66158705968279, 52.688466895913443, 0.0 ] ] } },
{ "type": "Feature", "properties": { }, "geometry": { "type": "LineString", "coordinates": [ [ -1.66159337282504, 52.688465565455033, 0.0 ], [ -1.661587393016609, 52.688465548410385, 0.0 ] ] } },
{ "type": "Feature", "properties": { }, "geometry": { "type": "LineString", "coordinates": [ [ -1.66159370615865, 52.688464217951967, 0.0 ], [ -1.661587726350408, 52.688464200907312, 0.0 ] ] } },
{ "type": "Feature", "properties": { }, "geometry": { "type": "LineString", "coordinates": [ [ -1.66159403949224, 52.688462870448895, 0.0 ], [ -1.661588059684185, 52.688462853404268, 0.0 ] ] } },
{ "type": "Feature", "properties": { }, "geometry": { "type": "LineString", "coordinates": [ [ -1.661594372825808, 52.688461522945801, 0.0 ], [ -1.661588393017941, 52.688461505901195, 0.0 ] ] } },
{ "type": "Feature", "properties": { }, "geometry": { "type": "LineString", "coordinates": [ [ -1.661594706159356, 52.688460175442714, 0.0 ], [ -1.661588726351676, 52.688460158398136, 0.0 ] ] } },
{ "type": "Feature", "properties": { }, "geometry": { "type": "LineString", "coordinates": [ [ -1.661595039492882, 52.688458827939634, 0.0 ], [ -1.66158905968539, 52.688458810895064, 0.0 ] ] } },
{ "type": "Feature", "properties": { }, "geometry": { "type": "LineString", "coordinates": [ [ -1.661595372826387, 52.688457480436561, 0.0 ], [ -1.661589393019083, 52.688457463392005, 0.0 ] ] } },
{ "type": "Feature", "properties": { }, "geometry": { "type": "LineString", "coordinates": [ [ -1.661595706159871, 52.688456132933474, 0.0 ], [ -1.661589726352754, 52.68845611588894, 0.0 ] ] } },
{ "type": "Feature", "properties": { }, "geometry": { "type": "LineString", "coordinates": [ [ -1.661596039493333, 52.688454785430388, 0.0 ], [ -1.661590059686405, 52.688454768385867, 0.0 ] ] } },
{ "type": "Feature", "properties": { }, "geometry": { "type": "LineString", "coordinates": [ [ -1.661596372826775, 52.688453437927315, 0.0 ], [ -1.661590393020034, 52.688453420882787, 0.0 ] ] } },
{ "type": "Feature", "properties": { }, "geometry": { "type": "LineString", "coordinates": [ [ -1.661596706160196, 52.688452090424221, 0.0 ], [ -1.661590726353642, 52.688452073379722, 0.0 ] ] } },
{ "type": "Feature", "properties": { }, "geometry": { "type": "LineString", "coordinates": [ [ -1.661597039493595, 52.688450742921127, 0.0 ], [ -1.661591059687229, 52.688450725876656, 0.0 ] ] } },
{ "type": "Feature", "properties": { }, "geometry": { "type": "LineString", "coordinates": [ [ -1.661597372826973, 52.688449395418054, 0.0 ], [ -1.661591393020795, 52.688449378373569, 0.0 ] ] } },
{ "type": "Feature", "properties": { }, "geometry": { "type": "LineString", "coordinates": [ [ -1.66159770616033, 52.688448047914953, 0.0 ], [ -1.66159172635434, 52.688448030870504, 0.0 ] ] } },
{ "type": "Feature", "properties": { }, "geometry": { "type": "LineString", "coordinates": [ [ -1.661598039493666, 52.688446700411866, 0.0 ], [ -1.661592059687863, 52.688446683367431, 0.0 ] ] } },
{ "type": "Feature", "properties": { }, "geometry": { "type": "LineString", "coordinates": [ [ -1.661598372826981, 52.688445352908772, 0.0 ], [ -1.661592393021366, 52.688445335864358, 0.0 ] ] } },
{ "type": "Feature", "properties": { }, "geometry": { "type": "LineString", "coordinates": [ [ -1.661598706160275, 52.688444005405671, 0.0 ], [ -1.661592726354847, 52.688443988361279, 0.0 ] ] } },
{ "type": "Feature", "properties": { }, "geometry": { "type": "LineString", "coordinates": [ [ -1.661599039493547, 52.68844265790257, 0.0 ], [ -1.661593059688307, 52.688442640858199, 0.0 ] ] } },
{ "type": "Feature", "properties": { }, "geometry": { "type": "LineString", "coordinates": [ [ -1.661599372826798, 52.688441310399483, 0.0 ], [ -1.661593393021746, 52.688441293355112, 0.0 ] ] } },
{ "type": "Feature", "properties": { }, "geometry": { "type": "LineString", "coordinates": [ [ -1.661599706160029, 52.688439962896396, 0.0 ], [ -1.661593726355164, 52.688439945852032, 0.0 ] ] } },
{ "type": "Feature", "properties": { }, "geometry": { "type": "LineString", "coordinates": [ [ -1.661600039493238, 52.688438615393295, 0.0 ], [ -1.661594059688561, 52.688438598348952, 0.0 ] ] } },
{ "type": "Feature", "properties": { }, "geometry": { "type": "LineString", "coordinates": [ [ -1.661600372826426, 52.688437267890187, 0.0 ], [ -1.661594393021937, 52.688437250845865, 0.0 ] ] } },
{ "type": "Feature", "properties": { }, "geometry": { "type": "LineString", "coordinates": [ [ -1.661600706159593, 52.688435920387093, 0.0 ], [ -1.661594726355291, 52.688435903342778, 0.0 ] ] } },
{ "type": "Feature", "properties": { }, "geometry": { "type": "LineString", "coordinates": [ [ -1.661601039492738, 52.688434572883999, 0.0 ], [ -1.661595059688625, 52.688434555839699, 0.0 ] ] } },
{ "type": "Feature", "properties": { }, "geometry": { "type": "LineString", "coordinates": [ [ -1.661601372825863, 52.688433225380884, 0.0 ], [ -1.661595393021937, 52.688433208336619, 0.0 ] ] } },
{ "type": "Feature", "properties": { }, "geometry": { "type": "LineString", "coordinates": [ [ -1.661601706158966, 52.68843187787779, 0.0 ], [ -1.661595726355228, 52.688431860833532, 0.0 ] ] } },
{ "type": "Feature", "properties": { }, "geometry": { "type": "LineString", "coordinates": [ [ -1.661602039492049, 52.688430530374681, 0.0 ], [ -1.661596059688498, 52.688430513330438, 0.0 ] ] } },
{ "type": "Feature", "properties": { }, "geometry": { "type": "LineString", "coordinates": [ [ -1.66160237282511, 52.688429182871573, 0.0 ], [ -1.661596393021747, 52.688429165827351, 0.0 ] ] } },
{ "type": "Feature", "properties": { }, "geometry": { "type": "LineString", "coordinates": [ [ -1.66160270615815, 52.688427835368472, 0.0 ], [ -1.661596726354974, 52.688427818324257, 0.0 ] ] } },
{ "type": "Feature", "properties": { }, "geometry": { "type": "LineString", "coordinates": [ [ -1.661603039491169, 52.688426487865364, 0.0 ], [ -1.661597059688181, 52.688426470821163, 0.0 ] ] } },
{ "type": "Feature", "properties": { }, "geometry": { "type": "LineString", "coordinates": [ [ -1.661603372824166, 52.688425140362249, 0.0 ], [ -1.661597393021367, 52.688425123318069, 0.0 ] ] } },
{ "type": "Feature", "properties": { }, "geometry": { "type": "LineString", "coordinates": [ [ -1.661603706157143, 52.68842379285914, 0.0 ], [ -1.661597726354531, 52.688423775814968, 0.0 ] ] } },
{ "type": "Feature", "properties": { }, "geometry": { "type": "LineString", "coordinates": [ [ -1.661604039490098, 52.688422445356025, 0.0 ], [ -1.661598059687674, 52.688422428311874, 0.0 ] ] } },
{ "type": "Feature", "properties": { }, "geometry": { "type": "LineString", "coordinates": [ [ -1.661604372823033, 52.68842109785291, 0.0 ], [ -1.661598393020796, 52.688421080808773, 0.0 ] ] } },
{ "type": "Feature", "properties": { }, "geometry": { "type": "LineString", "coordinates": [ [ -1.661604706155946, 52.688419750349794, 0.0 ], [ -1.661598726353897, 52.688419733305679, 0.0 ] ] } },
{ "type": "Feature", "properties": { }, "geometry": { "type": "LineString", "coordinates": [ [ -1.661605039488838, 52.688418402846686, 0.0 ], [ -1.661599059686977, 52.688418385802585, 0.0 ] ] } },
{ "type": "Feature", "properties": { }, "geometry": { "type": "LineString", "coordinates": [ [ -1.661605372821709, 52.688417055343564, 0.0 ], [ -1.661599393020035, 52.688417038299484, 0.0 ] ] } },
{ "type": "Feature", "properties": { }, "geometry": { "type": "LineString", "coordinates": [ [ -1.661605706154559, 52.688415707840441, 0.0 ], [ -1.661599726353073, 52.688415690796383, 0.0 ] ] } },
{ "type": "Feature", "properties": { }, "geometry": { "type": "LineString", "coordinates": [ [ -1.661606039487387, 52.688414360337326, 0.0 ], [ -1.661600059686089, 52.688414343293275, 0.0 ] ] } },
{ "type": "Feature", "properties": { }, "geometry": { "type": "LineString", "coordinates": [ [ -1.661606372820195, 52.688413012834218, 0.0 ], [ -1.661600393019084, 52.688412995790181, 0.0 ] ] } },
{ "type": "Feature", "properties": { }, "geometry": { "type": "LineString", "coordinates": [ [ -1.661606706152981, 52.688411665331095, 0.0 ], [ -1.661600726352058, 52.688411648287065, 0.0 ] ] } },
{ "type": "Feature", "properties": { }, "geometry": { "type": "LineString", "coordinates": [ [ -1.661607039485747, 52.688410317827973, 0.0 ], [ -1.661601059685011, 52.688410300783971, 0.0 ] ] } },
{ "type": "Feature", "properties": { }, "geometry": { "type": "LineString", "coordinates": [ [ -1.661607372818491, 52.688408970324843, 0.0 ], [ -1.661601393017943, 52.688408953280849, 0.0 ] ] } },
{ "type": "Feature", "properties": { }, "geometry": { "type": "LineString", "coordinates": [ [ -1.661607706151214, 52.688407622821714, 0.0 ], [ -1.661601726350854, 52.688407605777741, 0.0 ] ] } },
{ "type": "Feature", "properties": { }, "geometry": { "type": "LineString", "coordinates": [ [ -1.661608039483915, 52.688406275318606, 0.0 ], [ -1.661602059683743, 52.688406258274647, 0.0 ] ] } },
{ "type": "Feature", "properties": { }, "geometry": { "type": "LineString", "coordinates": [ [ -1.661608372816595, 52.688404927815462, 0.0 ], [ -1.661602393016612, 52.688404910771524, 0.0 ] ] } },
{ "type": "Feature", "properties": { }, "geometry": { "type": "LineString", "coordinates": [ [ -1.661608706149255, 52.688403580312347, 0.0 ], [ -1.661602726349459, 52.688403563268423, 0.0 ] ] } },
{ "type": "Feature", "properties": { }, "geometry": { "type": "LineString", "coordinates": [ [ -1.661609039481893, 52.68840223280921, 0.0 ], [ -1.661603059682285, 52.688402215765301, 0.0 ] ] } },
{ "type": "Feature", "properties": { }, "geometry": { "type": "LineString", "coordinates": [ [ -1.661609372814511, 52.688400885306088, 0.0 ], [ -1.66160339301509, 52.688400868262192, 0.0 ] ] } },
{ "type": "Feature", "properties": { }, "geometry": { "type": "LineString", "coordinates": [ [ -1.661609706147107, 52.688399537802951, 0.0 ], [ -1.661603726347874, 52.68839952075907, 0.0 ] ] } },
{ "type": "Feature", "properties": { }, "geometry": { "type": "LineString", "coordinates": [ [ -1.661610039479682, 52.688398190299814, 0.0 ], [ -1.661604059680637, 52.688398173255955, 0.0 ] ] } },
{ "type": "Feature", "properties": { }, "geometry": { "type": "LineString", "coordinates": [ [ -1.661610372812236, 52.688396842796685, 0.0 ], [ -1.661604393013378, 52.688396825752847, 0.0 ] ] } },
{ "type": "Feature", "properties": { }, "geometry": { "type": "LineString", "coordinates": [ [ -1.661610706144768, 52.688395495293548, 0.0 ], [ -1.661604726346099, 52.688395478249717, 0.0 ] ] } },
{ "type": "Feature", "properties": { }, "geometry": { "type": "LineString", "coordinates": [ [ -1.66161103947728, 52.688394147790426, 0.0 ], [ -1.661605059678798, 52.688394130746602, 0.0 ] ] } },
{ "type": "Feature", "properties": { }, "geometry": { "type": "LineString", "coordinates": [ [ -1.661611372809771, 52.688392800287268, 0.0 ], [ -1.661605393011476, 52.688392783243472, 0.0 ] ] } },
{ "type": "Feature", "properties": { }, "geometry": { "type": "LineString", "coordinates": [ [ -1.661608255121714, 52.688391442947989, 0.0 ], [ -1.661605726344133, 52.688391435740364, 0.0 ] ] } },
{ "type": "Feature", "properties": { }, "geometry": { "type": "LineString", "coordinates": [ [ -1.661609757464795, 52.68839158018384, 0.0 ], [ -1.661609695863437, 52.688399579374888, 0.0 ] ] } },
{ "type": "Feature", "properties": { }, "geometry": { "type": "LineString", "coordinates": [ [ -1.661607539928724, 52.688391377616618, 0.0 ], [ -1.661607405463523, 52.688408838356764, 0.0 ] ] } },
{ "type": "Feature", "properties": { }, "geometry": { "type": "LineString", "coordinates": [ [ -1.661605307340822, 52.688393129568581, 0.0 ], [ -1.661605115062611, 52.688418097338577, 0.0 ] ] } },
{ "type": "Feature", "properties": { }, "geometry": { "type": "LineString", "coordinates": [ [ -1.661603016940313, 52.688402388550394, 0.0 ], [ -1.661602824660702, 52.688427356320354, 0.0 ] ] } },
{ "type": "Feature", "properties": { }, "geometry": { "type": "LineString", "coordinates": [ [ -1.661600726538804, 52.688411647532149, 0.0 ], [ -1.661600534257794, 52.688436615302074, 0.0 ] ] } },
{ "type": "Feature", "properties": { }, "geometry": { "type": "LineString", "coordinates": [ [ -1.661598436136299, 52.688420906513841, 0.0 ], [ -1.661598243853889, 52.688445874283737, 0.0 ] ] } },
{ "type": "Feature", "properties": { }, "geometry": { "type": "LineString", "coordinates": [ [ -1.661596145732795, 52.68843016549549, 0.0 ], [ -1.661595953448985, 52.688455133265336, 0.0 ] ] } },
{ "type": "Feature", "properties": { }, "geometry": { "type": "LineString", "coordinates": [ [ -1.661593855328293, 52.688439424477082, 0.0 ], [ -1.661593663043084, 52.6884643922469, 0.0 ] ] } },
{ "type": "Feature", "properties": { }, "geometry": { "type": "LineString", "coordinates": [ [ -1.661591564922793, 52.688448683458617, 0.0 ], [ -1.661591372636185, 52.688473651228399, 0.0 ] ] } },
{ "type": "Feature", "properties": { }, "geometry": { "type": "LineString", "coordinates": [ [ -1.661589274516296, 52.688457942440088, 0.0 ], [ -1.661589082228288, 52.688482910209842, 0.0 ] ] } },
{ "type": "Feature", "properties": { }, "geometry": { "type": "LineString", "coordinates": [ [ -1.661586984108801, 52.688467201421531, 0.0 ], [ -1.661586791819393, 52.688492169191235, 0.0 ] ] } },
{ "type": "Feature", "properties": { }, "geometry": { "type": "LineString", "coordinates": [ [ -1.661584693700307, 52.688476460402903, 0.0 ], [ -1.66158455922538, 52.688493921142815, 0.0 ] ] } },
{ "type": "Feature", "properties": { }, "geometry": { "type": "LineString", "coordinates": [ [ -1.661582403290815, 52.688485719384239, 0.0 ], [ -1.66158234168414, 52.68849371857516, 0.0 ] ] } },
{ "type": "Feature", "properties": { }, "geometry": { "type": "LineString", "coordinates": [ [ -1.661583392779864, 52.688493814590508, 0.0 ], [ -1.661608706371516, 52.688391484168704, 0.0 ] ] } },
{ "type": "Feature", "properties": { }, "geometry": { "type": "LineString", "coordinates": [ [ -1.661580462938048, 52.6884935632579, 0.0 ], [ -1.661605780480115, 52.688391216894701, 0.0 ] ] } },
{ "type": "Feature", "properties": { }, "geometry": { "type": "LineString", "coordinates": [ [ -1.66158631867812, 52.688494081865031, 0.0 ], [ -1.661611632262955, 52.688391751442644, 0.0 ] ] } },
{ "type": "Feature", "properties": { }, "geometry": { "type": "LineString", "coordinates": [ [ -1.661604458946872, 52.688450045414228, -3.310653605719617 ], [ -1.661634283814143, 52.688476276378005, -3.310653605719617 ], [ -1.661649077492311, 52.688476318538989, -3.310653605719617 ] ] } },
{ "type": "Feature", "properties": { }, "geometry": { "type": "LineString", "coordinates": [ [ -1.660901300073612, 52.686941268804176, 0.0 ], [ -1.660892035275187, 52.686941242339238, 0.0 ] ] } },
{ "type": "Feature", "properties": { }, "geometry": { "type": "LineString", "coordinates": [ [ -1.661037429421642, 52.686879174693352, 0.0 ], [ -1.660901300073612, 52.686941268804176, 0.0 ] ] } },
{ "type": "Feature", "properties": { }, "geometry": { "type": "LineString", "coordinates": [ [ -1.661049740871041, 52.686865344968794, 0.0 ], [ -1.661037429421642, 52.686879174693352, 0.0 ] ] } },
{ "type": "Feature", "properties": { }, "geometry": { "type": "LineString", "coordinates": [ [ -1.65732060246029, 52.685181837224064, 0.0 ], [ -1.657385754770674, 52.685182013811456, 0.0 ] ] } },
{ "type": "Feature", "properties": { }, "geometry": { "type": "LineString", "coordinates": [ [ -1.654334831002414, 52.685259188363439, 0.0 ], [ -1.654376306857561, 52.685278732182908, 0.0 ] ] } },
{ "type": "Feature", "properties": { }, "geometry": { "type": "LineString", "coordinates": [ [ -1.65436574963807, 52.685275482275351, -3.506191448741817 ], [ -1.654399865510686, 52.685297337672161, -3.506191448741817 ], [ -1.654414658081027, 52.685297380741702, -3.506191448741817 ] ] } },
{ "type": "Feature", "properties": { }, "geometry": { "type": "LineString", "coordinates": [ [ -1.654376306857561, 52.685278732182908, 0.0 ], [ -1.654496547002662, 52.685186457492733, 0.0 ] ] } },
{ "type": "Feature", "properties": { }, "geometry": { "type": "LineString", "coordinates": [ [ -1.654446987664146, 52.685238889771561, -3.535439226490716 ], [ -1.654459135839272, 52.685246130954397, -3.535439226490716 ], [ -1.654473928392046, 52.685246174016619, -3.535439226490716 ] ] } },
{ "type": "Feature", "properties": { }, "geometry": { "type": "LineString", "coordinates": [ [ -1.654496547002662, 52.685186457492733, 0.0 ], [ -1.65445454362891, 52.685160799233088, 0.0 ] ] } },
{ "type": "Feature", "properties": { }, "geometry": { "type": "LineString", "coordinates": [ [ -1.654554362035784, 52.684821722570817, 0.0 ], [ -1.654660445144897, 52.68473634612279, 0.0 ] ] } },
{ "type": "Feature", "properties": { }, "geometry": { "type": "LineString", "coordinates": [ [ -1.654660445144897, 52.68473634612279, 0.0 ], [ -1.655051032092952, 52.684434513523236, 0.0 ] ] } },
{ "type": "Feature", "properties": { }, "geometry": { "type": "LineString", "coordinates": [ [ -1.65486657860277, 52.68459154739184, -4.291914862357441 ], [ -1.654901109468437, 52.684611035672567, -4.291914862357441 ], [ -1.654915901802878, 52.684611078680739, -4.291914862357441 ] ] } },
{ "type": "Feature", "properties": { }, "geometry": { "type": "LineString", "coordinates": [ [ -1.655051032092952, 52.684434513523236, 0.0 ], [ -1.655391920132949, 52.684236909099646, 0.0 ] ] } },
{ "type": "Feature", "properties": { }, "geometry": { "type": "LineString", "coordinates": [ [ -1.655611629090067, 52.684099975350485, 0.0 ], [ -1.65581230901125, 52.683939396044487, 0.0 ] ] } },
{ "type": "Feature", "properties": { }, "geometry": { "type": "LineString", "coordinates": [ [ -1.655724162823953, 52.684024775050915, -5.120794989147408 ], [ -1.655762070274312, 52.684040596699759, -5.120794989147408 ], [ -1.655776862413385, 52.684040639601491, -5.120794989147408 ] ] } },
{ "type": "Feature", "properties": { }, "geometry": { "type": "LineString", "coordinates": [ [ -1.65581230901125, 52.683939396044487, 0.0 ], [ -1.655864383200199, 52.683902571173817, 0.0 ] ] } },
{ "type": "Feature", "properties": { }, "geometry": { "type": "LineString", "coordinates": [ [ -1.656067139701566, 52.683860400750142, 0.0 ], [ -1.657030883575458, 52.683863820627572, 0.0 ] ] } },
{ "type": "Feature", "properties": { }, "geometry": { "type": "LineString", "coordinates": [ [ -1.656541029626952, 52.683869680120353, 5.736503854201667 ], [ -1.656521354852161, 52.683888335558109, 5.736503854201667 ], [ -1.656506562764439, 52.683888292749018, 5.736503854201667 ], [ -1.656541029626952, 52.683869680120353, 5.736503854201667 ] ] } },
{ "type": "Feature", "properties": { }, "geometry": { "type": "LineString", "coordinates": [ [ -1.657159504448298, 52.683881659626955, 0.0 ], [ -1.657198575135826, 52.683904486212199, 0.0 ] ] } },
{ "type": "Feature", "properties": { }, "geometry": { "type": "LineString", "coordinates": [ [ -1.657234522796559, 52.683951535448827, 0.0 ], [ -1.65731716511865, 52.683951256413394, 0.0 ] ] } },
{ "type": "Feature", "properties": { }, "geometry": { "type": "LineString", "coordinates": [ [ -1.657284698656896, 52.683958597080604, -6.368105162259642 ], [ -1.657301619054204, 52.683972357696263, -6.368105162259642 ], [ -1.657316411172167, 52.683972400405978, -6.368105162259642 ] ] } },
{ "type": "Feature", "properties": { }, "geometry": { "type": "LineString", "coordinates": [ [ -1.657234522796559, 52.683951535448827, 0.0 ], [ -1.657223146619538, 52.685181573015043, 0.0 ] ] } },
{ "type": "Feature", "properties": { }, "geometry": { "type": "LineString", "coordinates": [ [ -1.657214042487202, 52.684566511543984, -6.968032080346024 ], [ -1.657189277191889, 52.684566440018735, -6.968032080346024 ], [ -1.657174484869259, 52.684566397294205, -6.968032080346024 ] ] } },
{ "type": "Feature", "properties": { }, "geometry": { "type": "LineString", "coordinates": [ [ -1.657223146619538, 52.685181573015043, 0.0 ], [ -1.657221621335923, 52.685242217749533, 0.0 ] ] } },
{ "type": "Feature", "properties": { }, "geometry": { "type": "LineString", "coordinates": [ [ -1.657221621335923, 52.685242217749533, 0.0 ], [ -1.657222063372114, 52.685414402430531, 0.0 ] ] } },
{ "type": "Feature", "properties": { }, "geometry": { "type": "LineString", "coordinates": [ [ -1.657210229448762, 52.68533387857741, 8.015487768328343 ], [ -1.657177023163898, 52.685349801259051, 8.015487768328343 ], [ -1.65716223057112, 52.685349758534358, 8.015487768328343 ], [ -1.657210229448762, 52.68533387857741, 8.015487768328343 ] ] } },
{ "type": "Feature", "properties": { }, "geometry": { "type": "LineString", "coordinates": [ [ -1.657222063372114, 52.685414402430531, 0.0 ], [ -1.658919391449792, 52.685419979875469, 0.0 ] ] } },
{ "type": "Feature", "properties": { }, "geometry": { "type": "LineString", "coordinates": [ [ -1.658077187872151, 52.685425281186639, -9.468070981072556 ], [ -1.658102095885111, 52.685456459861363, -9.468070981072556 ], [ -1.658116888516164, 52.685456502468568, -9.468070981072556 ] ] } },
{ "type": "Feature", "properties": { }, "geometry": { "type": "LineString", "coordinates": [ [ -1.661479262872188, 52.685432046469359, 0.0 ], [ -1.661321630705116, 52.685898948826079, 0.0 ] ] } },
{ "type": "Feature", "properties": { }, "geometry": { "type": "LineString", "coordinates": [ [ -1.661385654512176, 52.685665455479302, -11.031152899696156 ], [ -1.661349728359991, 52.685665352990291, -11.031152899696156 ], [ -1.661334935651864, 52.685665310786945, -11.031152899696156 ] ] } },
{ "type": "Feature", "properties": { }, "geometry": { "type": "LineString", "coordinates": [ [ -1.661321630705116, 52.685898948826079, 0.0 ], [ -1.661317978324499, 52.685925554851622, 0.0 ] ] } },
{ "type": "Feature", "properties": { }, "geometry": { "type": "LineString", "coordinates": [ [ -1.661328965799811, 52.685984089151603, 0.0 ], [ -1.661354493949939, 52.686023790590319, 0.0 ] ] } },
{ "type": "Feature", "properties": { }, "geometry": { "type": "LineString", "coordinates": [ [ -1.661477024145859, 52.686169655926733, 0.0 ], [ -1.661522919994836, 52.68624603489836, 0.0 ] ] } },
{ "type": "Feature", "properties": { }, "geometry": { "type": "LineString", "coordinates": [ [ -1.661485179154513, 52.686207803231369, -11.802780774999732 ], [ -1.661462244931332, 52.686207737828163, -11.802780774999732 ], [ -1.66144745203596, 52.68620769563983, -11.802780774999732 ] ] } },
{ "type": "Feature", "properties": { }, "geometry": { "type": "LineString", "coordinates": [ [ -1.661526000391372, 52.686325243522845, 0.0 ], [ -1.661509344909554, 52.686345817820992, 0.0 ] ] } },
{ "type": "Feature", "properties": { }, "geometry": { "type": "LineString", "coordinates": [ [ -1.66148397773638, 52.686363281460494, 0.0 ], [ -1.661387796282085, 52.686397003032127, 0.0 ] ] } },
{ "type": "Feature", "properties": { }, "geometry": { "type": "LineString", "coordinates": [ [ -1.661047298458026, 52.686552562805964, 0.0 ], [ -1.661035863765761, 52.686579699893088, 0.0 ] ] } },
{ "type": "Feature", "properties": { }, "geometry": { "type": "LineString", "coordinates": [ [ -1.661101153083264, 52.686824412250644, 0.0 ], [ -1.661191109411037, 52.686815206884191, 0.0 ] ] } },
{ "type": "Feature", "properties": { }, "geometry": { "type": "LineString", "coordinates": [ [ -1.661154249144348, 52.686812294488028, 12.74568409514535 ], [ -1.661180405953666, 52.686788079964408, 12.74568409514535 ], [ -1.661195199048807, 52.686788122185042, 12.74568409514535 ], [ -1.661154249144348, 52.686812294488028, 12.74568409514535 ] ] } },
{ "type": "Feature", "properties": { }, "geometry": { "type": "LineString", "coordinates": [ [ -1.661191109411037, 52.686815206884191, 0.0 ], [ -1.661212087330432, 52.686876219658892, 0.0 ] ] } },
{ "type": "Feature", "properties": { }, "geometry": { "type": "LineString", "coordinates": [ [ -1.661214186744052, 52.68685043507179, -12.741113964139151 ], [ -1.661240440949563, 52.686860282803927, -12.741113964139151 ], [ -1.661255234069701, 52.686860325016951, -12.741113964139151 ] ] } },
{ "type": "Feature", "properties": { }, "geometry": { "type": "LineString", "coordinates": [ [ -1.661212087330432, 52.686876219658892, 0.0 ], [ -1.661263431128482, 52.68704073155012, 0.0 ] ] } },
{ "type": "Feature", "properties": { }, "geometry": { "type": "LineString", "coordinates": [ [ -1.661251576624289, 52.686961686669079, -12.912033471309947 ], [ -1.661302585447441, 52.686973540684306, -12.912033471309947 ], [ -1.661317378606741, 52.686973582889358, -12.912033471309947 ] ] } },
{ "type": "Feature", "properties": { }, "geometry": { "type": "LineString", "coordinates": [ [ -1.661310422758894, 52.687191335214649, 0.0 ], [ -1.661625091575068, 52.68719353107273, 0.0 ] ] } },
{ "type": "Feature", "properties": { }, "geometry": { "type": "LineString", "coordinates": [ [ -1.661466204575355, 52.687201373182816, 13.209312751705811 ], [ -1.661461830683865, 52.687226558418402, 13.209312751705811 ], [ -1.661447037437082, 52.687226516231817, 13.209312751705811 ], [ -1.661466204575355, 52.687201373182816, 13.209312751705811 ] ] } },
{ "type": "Feature", "properties": { }, "geometry": { "type": "LineString", "coordinates": [ [ -1.661625091575068, 52.68719353107273, 0.0 ], [ -1.661735790292507, 52.687195504503684, 0.0 ] ] } },
{ "type": "Feature", "properties": { }, "geometry": { "type": "LineString", "coordinates": [ [ -1.661692505235967, 52.687189315341023, 13.409810010885881 ], [ -1.661748302360859, 52.687165254050953, 13.409810010885881 ], [ -1.661763095586977, 52.687165296200057, 13.409810010885881 ], [ -1.661692505235967, 52.687189315341023, 13.409810010885881 ] ] } },
{ "type": "Feature", "properties": { }, "geometry": { "type": "LineString", "coordinates": [ [ -1.661625091575068, 52.68719353107273, 0.0 ], [ -1.661651183388093, 52.687153177385042, 0.0 ] ] } },
{ "type": "Feature", "properties": { }, "geometry": { "type": "LineString", "coordinates": [ [ -1.66168584398353, 52.687116229546838, 0.0 ], [ -1.661758092015019, 52.687067696792731, 0.0 ] ] } },
{ "type": "Feature", "properties": { }, "geometry": { "type": "LineString", "coordinates": [ [ -1.66170717481896, 52.687091921020865, -13.673743727546912 ], [ -1.661684854243832, 52.687091857413193, -13.673743727546912 ], [ -1.661670061043166, 52.687091815254213, -13.673743727546912 ] ] } },
{ "type": "Feature", "properties": { }, "geometry": { "type": "LineString", "coordinates": [ [ -1.661862779410936, 52.687026396466408, 0.0 ], [ -1.662346622246918, 52.686944412968849, 0.0 ] ] } },
{ "type": "Feature", "properties": { }, "geometry": { "type": "LineString", "coordinates": [ [ -1.662089907894525, 52.686985362856682, -13.845246121270531 ], [ -1.662025219322359, 52.686985178707573, -13.845246121270531 ], [ -1.662010426157961, 52.686985136590863, -13.845246121270531 ] ] } },
{ "type": "Feature", "properties": { }, "geometry": { "type": "LineString", "coordinates": [ [ -1.662674329131073, 52.686949323472724, 0.0 ], [ -1.662934794797799, 52.686837308850684, 0.0 ] ] } },
{ "type": "Feature", "properties": { }, "geometry": { "type": "LineString", "coordinates": [ [ -1.662815204454572, 52.686899560427449, -14.400966829253935 ], [ -1.662832226569144, 52.686909547848913, -14.400966829253935 ], [ -1.66284701970874, 52.68690958986317, -14.400966829253935 ] ] } },
{ "type": "Feature", "properties": { }, "geometry": { "type": "LineString", "coordinates": [ [ -1.662934794797799, 52.686837308850684, 0.0 ], [ -1.663120799757245, 52.68676674784804, 0.0 ] ] } },
{ "type": "Feature", "properties": { }, "geometry": { "type": "LineString", "coordinates": [ [ -1.663120799757245, 52.68676674784804, 0.0 ], [ -1.664603003946303, 52.686406472163348, 0.0 ] ] } },
{ "type": "Feature", "properties": { }, "geometry": { "type": "LineString", "coordinates": [ [ -1.66387363198092, 52.686592092190573, -15.178250645985008 ], [ -1.663904101660725, 52.686606330250584, -15.178250645985008 ], [ -1.663918894697389, 52.686606372131614, -15.178250645985008 ] ] } },
{ "type": "Feature", "properties": { }, "geometry": { "type": "LineString", "coordinates": [ [ -1.664603003946303, 52.686406472163348, 0.0 ], [ -1.66564013384384, 52.686154115787161, 0.0 ] ] } },
{ "type": "Feature", "properties": { }, "geometry": { "type": "LineString", "coordinates": [ [ -1.665132065544199, 52.68628663054163, -16.11331572837652 ], [ -1.665159402580524, 52.686303132672748, -16.11331572837652 ], [ -1.66517419551454, 52.686303174397629, -16.11331572837652 ] ] } },
{ "type": "Feature", "properties": { }, "geometry": { "type": "LineString", "coordinates": [ [ -1.66564013384384, 52.686154115787161, 0.0 ], [ -1.666378452943287, 52.685981140184211, 0.0 ] ] } },
{ "type": "Feature", "properties": { }, "geometry": { "type": "LineString", "coordinates": [ [ -1.666018352427914, 52.686074735776238, -16.757737222537568 ], [ -1.666031676105209, 52.686085189649837, -16.757737222537568 ], [ -1.666046468965391, 52.686085231266262, -16.757737222537568 ] ] } },
{ "type": "Feature", "properties": { }, "geometry": { "type": "LineString", "coordinates": [ [ -1.666378452943287, 52.685981140184211, 0.0 ], [ -1.666793273305693, 52.685884803495725, 0.0 ] ] } },
{ "type": "Feature", "properties": { }, "geometry": { "type": "LineString", "coordinates": [ [ -1.667195746706627, 52.685859212810364, 0.0 ], [ -1.667247737059751, 52.685879538890887, 0.0 ] ] } },
{ "type": "Feature", "properties": { }, "geometry": { "type": "LineString", "coordinates": [ [ -1.667215258584132, 52.685877456035861, 17.646284423008311 ], [ -1.667204338072816, 52.685891066353086, 17.646284423008311 ], [ -1.667189545277834, 52.685891024880831, 17.646284423008311 ], [ -1.667215258584132, 52.685877456035861, 17.646284423008311 ] ] } },
{ "type": "Feature", "properties": { }, "geometry": { "type": "LineString", "coordinates": [ [ -1.667312407816669, 52.685929404407744, 0.0 ], [ -1.667323906703034, 52.685967461809078, 0.0 ] ] } },
{ "type": "Feature", "properties": { }, "geometry": { "type": "LineString", "coordinates": [ [ -1.666998049665319, 52.686577219828585, 0.0 ], [ -1.666974614710107, 52.686612504366281, 0.0 ] ] } },
{ "type": "Feature", "properties": { }, "geometry": { "type": "LineString", "coordinates": [ [ -1.666986496389091, 52.686716608981122, 0.0 ], [ -1.667046181098936, 52.686772332406669, 0.0 ] ] } },
{ "type": "Feature", "properties": { }, "geometry": { "type": "LineString", "coordinates": [ [ -1.667241058251121, 52.68682400616995, 0.0 ], [ -1.668073405285408, 52.686824262888805, 0.0 ] ] } },
{ "type": "Feature", "properties": { }, "geometry": { "type": "LineString", "coordinates": [ [ -1.667644846802681, 52.686829051507992, 19.170558091824695 ], [ -1.667615367172309, 52.686840753527299, 19.170558091824695 ], [ -1.66760057404914, 52.686840712108044, 19.170558091824695 ], [ -1.667644846802681, 52.686829051507992, 19.170558091824695 ] ] } },
{ "type": "Feature", "properties": { }, "geometry": { "type": "LineString", "coordinates": [ [ -1.668073405285408, 52.686824262888805, 0.0 ], [ -1.668147639413049, 52.686839645672492, 0.0 ] ] } },
{ "type": "Feature", "properties": { }, "geometry": { "type": "LineString", "coordinates": [ [ -1.668228678148857, 52.686951901878501, 0.0 ], [ -1.668215315033603, 52.68698908020599, 0.0 ] ] } },
{ "type": "Feature", "properties": { }, "geometry": { "type": "LineString", "coordinates": [ [ -1.668140420953601, 52.687811607843216, 0.0 ], [ -1.668005212785585, 52.688346130047343, 0.0 ] ] } },
{ "type": "Feature", "properties": { }, "geometry": { "type": "LineString", "coordinates": [ [ -1.668005212785585, 52.688346130047343, 0.0 ], [ -1.667999172009516, 52.688387598894131, 0.0 ] ] } },
{ "type": "Feature", "properties": { }, "geometry": { "type": "LineString", "coordinates": [ [ -1.667987398748862, 52.688366823102548, -21.388796633413747 ], [ -1.667952643539359, 52.688366725907464, -21.388796633413747 ], [ -1.667937849889311, 52.688366684533023, -21.388796633413747 ] ] } },
{ "type": "Feature", "properties": { }, "geometry": { "type": "LineString", "coordinates": [ [ -1.667940274330141, 52.688486412460222, 0.0 ], [ -1.667900503191641, 52.688501691130611, 0.0 ] ] } },
{ "type": "Feature", "properties": { }, "geometry": { "type": "LineString", "coordinates": [ [ -1.667246226354629, 52.685791473114058, 0.0 ], [ -1.667685070949603, 52.68572654783484, 0.0 ] ] } },
{ "type": "Feature", "properties": { }, "geometry": { "type": "LineString", "coordinates": [ [ -1.66745272104924, 52.685754640953348, -3.40415106157471 ], [ -1.667415864103201, 52.685742182899965, -3.40415106157471 ], [ -1.667401071359246, 52.685742141453844, -3.40415106157471 ] ] } },
{ "type": "Feature", "properties": { }, "geometry": { "type": "LineString", "coordinates": [ [ -1.667685070949603, 52.68572654783484, 0.0 ], [ -1.667689310708286, 52.685449770363832, 0.0 ] ] } },
{ "type": "Feature", "properties": { }, "geometry": { "type": "LineString", "coordinates": [ [ -1.667701983528068, 52.685588200511624, -3.715388260321332 ], [ -1.667724291987283, 52.685588262958468, -3.715388260321332 ], [ -1.667739084678658, 52.685588304364522, -3.715388260321332 ] ] } },
{ "type": "Feature", "properties": { }, "geometry": { "type": "LineString", "coordinates": [ [ -1.667689310708286, 52.685449770363832, 0.0 ], [ -1.669089818140004, 52.685453430623021, 0.0 ] ] } },
{ "type": "Feature", "properties": { }, "geometry": { "type": "LineString", "coordinates": [ [ -1.668389564256475, 52.685451602703019, -4.327768055259939 ], [ -1.668409402091126, 52.685460488249433, -4.327768055259939 ], [ -1.668424194747961, 52.685460529560878, -4.327768055259939 ] ] } },
{ "type": "Feature", "properties": { }, "geometry": { "type": "LineString", "coordinates": [ [ -1.669089818140004, 52.685453430623021, 0.0 ], [ -1.669114092813533, 52.685457234221509, 0.0 ] ] } },
{ "type": "Feature", "properties": { }, "geometry": { "type": "LineString", "coordinates": [ [ -1.669101955476237, 52.685455332422883, 4.853904432689586 ], [ -1.669103806685438, 52.685466339308192, 4.853904432689586 ], [ -1.669089014025617, 52.685466298081565, 4.853904432689586 ], [ -1.669101955476237, 52.685455332422883, 4.853904432689586 ] ] } },
{ "type": "Feature", "properties": { }, "geometry": { "type": "LineString", "coordinates": [ [ -1.661101153083264, 52.686824412250644, 0.0 ], [ -1.66108220590947, 52.686828876221078, 0.0 ] ] } },
{ "type": "Feature", "properties": { }, "geometry": { "type": "LineString", "coordinates": [ [ -1.661085338695774, 52.686818522264012, -12.864276153616196 ], [ -1.661052303622913, 52.686776207374585, -12.864276153616196 ], [ -1.661037510532104, 52.686776165136088, -12.864276153616196 ] ] } },
{ "type": "Feature", "properties": { }, "geometry": { "type": "LineString", "coordinates": [ [ -1.658919391449792, 52.685419979875469, 0.0 ], [ -1.659872653538897, 52.685426012942457, 0.0 ] ] } },
{ "type": "Feature", "properties": { }, "geometry": { "type": "LineString", "coordinates": [ [ -1.659872653538897, 52.685426012942457, 0.0 ], [ -1.661479262872188, 52.685432046469359, 0.0 ] ] } },
{ "type": "Feature", "properties": { }, "geometry": { "type": "LineString", "coordinates": [ [ -1.660670148206929, 52.685437299610591, 11.982752845719897 ], [ -1.660655901450377, 52.685457571877926, 11.982752845719897 ], [ -1.660641108814991, 52.685457529587623, 11.982752845719897 ], [ -1.660670148206929, 52.685437299610591, 11.982752845719897 ] ] } },
{ "type": "Feature", "properties": { }, "geometry": { "type": "LineString", "coordinates": [ [ -1.661263431128482, 52.68704073155012, 0.0 ], [ -1.661310422758894, 52.687191335214649, 0.0 ] ] } },
{ "type": "Feature", "properties": { }, "geometry": { "type": "LineString", "coordinates": [ [ -1.661301284111731, 52.687118200290698, -13.159865947983551 ], [ -1.661338695980952, 52.687123846781191, -13.159865947983551 ], [ -1.661353489192152, 52.687123888981489, -13.159865947983551 ] ] } },
{ "type": "Feature", "properties": { }, "geometry": { "type": "LineString", "coordinates": [ [ -1.658623869877767, 52.683698667483263, 0.0 ], [ -1.658622876636227, 52.683783253648585, 0.0 ] ] } },
{ "type": "Feature", "properties": { }, "geometry": { "type": "LineString", "coordinates": [ [ -1.658633477339529, 52.683747526234683, -3.553066794524726 ], [ -1.658653064091655, 52.683760253778765, -3.553066794524726 ], [ -1.658667856138589, 52.683760296320187, -3.553066794524726 ] ] } },
{ "type": "Feature", "properties": { }, "geometry": { "type": "LineString", "coordinates": [ [ -1.658622876636227, 52.683783253648585, 0.0 ], [ -1.658621325017774, 52.683866106349406, 0.0 ] ] } },
{ "type": "Feature", "properties": { }, "geometry": { "type": "LineString", "coordinates": [ [ -1.658632496538577, 52.683831075322537, -3.690877447956824 ], [ -1.658643745187414, 52.683837995360598, -3.690877447956824 ], [ -1.658658537261145, 52.683838037903058, -3.690877447956824 ] ] } },
{ "type": "Feature", "properties": { }, "geometry": { "type": "LineString", "coordinates": [ [ -1.658621325017774, 52.683866106349406, 0.0 ], [ -1.657499912124266, 52.683862108397001, 0.0 ] ] } },
{ "type": "Feature", "properties": { }, "geometry": { "type": "LineString", "coordinates": [ [ -1.658066023670766, 52.683872476700309, -3.700001172091797 ], [ -1.658079335977496, 52.68389308624544, -3.700001172091797 ], [ -1.658094128069342, 52.683893128858237, -3.700001172091797 ] ] } },
{ "type": "Feature", "properties": { }, "geometry": { "type": "LineString", "coordinates": [ [ -1.657499912124266, 52.683862108397001, 0.0 ], [ -1.657469268127555, 52.683864144397823, 0.0 ] ] } },
{ "type": "Feature", "properties": { }, "geometry": { "type": "LineString", "coordinates": [ [ -1.657354884666181, 52.683905659958469, 0.0 ], [ -1.65731716511865, 52.683951256413394, 0.0 ] ] } },
{ "type": "Feature", "properties": { }, "geometry": { "type": "LineString", "coordinates": [ [ -1.667195746706627, 52.685859212810364, 0.0 ], [ -1.667246226354629, 52.685791473114058, 0.0 ] ] } },
{ "type": "Feature", "properties": { }, "geometry": { "type": "LineString", "coordinates": [ [ -1.667229758944361, 52.685832581389931, -17.663629377987675 ], [ -1.667255976144462, 52.68585421414835, -17.663629377987675 ], [ -1.66727076892685, 52.685854255612384, -17.663629377987675 ] ] } },
{ "type": "Feature", "properties": { }, "geometry": { "type": "LineString", "coordinates": [ [ -1.661608706371516, 52.688391484168704, 0.0 ], [ -1.661648844108111, 52.688110160565152, 0.0 ] ] } },
{ "type": "Feature", "properties": { }, "geometry": { "type": "LineString", "coordinates": [ [ -1.661628775306682, 52.688250822369959, -3.457811449609118 ], [ -1.661647983663075, 52.688250877113838, -3.457811449609118 ], [ -1.661662777263513, 52.688250919273521, -3.457811449609118 ] ] } },
{ "type": "Feature", "properties": { }, "geometry": { "type": "LineString", "coordinates": [ [ -1.661648844108111, 52.688110160565152, 0.0 ], [ -1.661648927695459, 52.688033464761368, 0.0 ] ] } },
{ "type": "Feature", "properties": { }, "geometry": { "type": "LineString", "coordinates": [ [ -1.661648927695459, 52.688033464761368, 0.0 ], [ -1.661655454871958, 52.687990870546855, 0.0 ] ] } },
{ "type": "Feature", "properties": { }, "geometry": { "type": "LineString", "coordinates": [ [ -1.661666984803454, 52.688012209813778, -3.855451411705423 ], [ -1.661682565725501, 52.688012254215366, -3.855451411705423 ], [ -1.661697359243679, 52.688012296371156, -3.855451411705423 ] ] } },
{ "type": "Feature", "properties": { }, "geometry": { "type": "LineString", "coordinates": [ [ -1.661696196455202, 52.687856688631783, 0.0 ], [ -1.661759191581974, 52.68769039040221, 0.0 ] ] } },
{ "type": "Feature", "properties": { }, "geometry": { "type": "LineString", "coordinates": [ [ -1.66174248751591, 52.687773581672033, -4.143568972965159 ], [ -1.66178827465054, 52.687773712120517, -4.143568972965159 ], [ -1.661803068086599, 52.687773754263539, -4.143568972965159 ] ] } },
{ "type": "Feature", "properties": { }, "geometry": { "type": "LineString", "coordinates": [ [ -1.661759191581974, 52.68769039040221, 0.0 ], [ -1.661771723465495, 52.687653743859435, 0.0 ] ] } },
{ "type": "Feature", "properties": { }, "geometry": { "type": "LineString", "coordinates": [ [ -1.661777855459791, 52.687620306453994, 0.0 ], [ -1.661779426421627, 52.687590751439181, 0.0 ] ] } },
{ "type": "Feature", "properties": { }, "geometry": { "type": "LineString", "coordinates": [ [ -1.661770102607725, 52.687524533475262, 0.0 ], [ -1.661707737520265, 52.687335092504703, 0.0 ] ] } },
{ "type": "Feature", "properties": { }, "geometry": { "type": "LineString", "coordinates": [ [ -1.661714920260142, 52.687275869070753, 0.0 ], [ -1.661719486909007, 52.687236532707459, 0.0 ] ] } },
{ "type": "Feature", "properties": { }, "geometry": { "type": "LineString", "coordinates": [ [ -1.661320071474911, 52.685952906816944, 0.0 ], [ -1.661328965799811, 52.685984089151603, 0.0 ] ] } },
{ "type": "Feature", "properties": { }, "geometry": { "type": "LineString", "coordinates": [ [ -1.661317978324499, 52.685925554851622, 0.0 ], [ -1.661320071474911, 52.685952906816944, 0.0 ] ] } },
{ "type": "Feature", "properties": { }, "geometry": { "type": "LineString", "coordinates": [ [ -1.661382531753235, 52.686058538563422, 0.0 ], [ -1.661477024145859, 52.686169655926733, 0.0 ] ] } },
{ "type": "Feature", "properties": { }, "geometry": { "type": "LineString", "coordinates": [ [ -1.661354493949939, 52.686023790590319, 0.0 ], [ -1.661382531753235, 52.686058538563422, 0.0 ] ] } },
{ "type": "Feature", "properties": { }, "geometry": { "type": "LineString", "coordinates": [ [ -1.661522919994836, 52.68624603489836, 0.0 ], [ -1.661534167895967, 52.686266204658033, 0.0 ] ] } },
{ "type": "Feature", "properties": { }, "geometry": { "type": "LineString", "coordinates": [ [ -1.661537476296071, 52.686285905470228, 0.0 ], [ -1.661534920738148, 52.686307344678433, 0.0 ] ] } },
{ "type": "Feature", "properties": { }, "geometry": { "type": "LineString", "coordinates": [ [ -1.661509344909554, 52.686345817820992, 0.0 ], [ -1.66148397773638, 52.686363281460494, 0.0 ] ] } },
{ "type": "Feature", "properties": { }, "geometry": { "type": "LineString", "coordinates": [ [ -1.661534920738148, 52.686307344678433, 0.0 ], [ -1.661526000391372, 52.686325243522845, 0.0 ] ] } },
{ "type": "Feature", "properties": { }, "geometry": { "type": "LineString", "coordinates": [ [ -1.661534167895967, 52.686266204658033, 0.0 ], [ -1.661537476296071, 52.686285905470228, 0.0 ] ] } },
{ "type": "Feature", "properties": { }, "geometry": { "type": "LineString", "coordinates": [ [ -1.661387796282085, 52.686397003032127, 0.0 ], [ -1.661302212705789, 52.686436475369568, 0.0 ] ] } },
{ "type": "Feature", "properties": { }, "geometry": { "type": "LineString", "coordinates": [ [ -1.661302212705789, 52.686436475369568, 0.0 ], [ -1.661143102654437, 52.686482463666131, 0.0 ] ] } },
{ "type": "Feature", "properties": { }, "geometry": { "type": "LineString", "coordinates": [ [ -1.661207864740846, 52.686459427326582, -12.0755701804867 ], [ -1.661152376577924, 52.686459268952063, -12.0755701804867 ], [ -1.661137583596277, 52.686459226725511, -12.0755701804867 ] ] } },
{ "type": "Feature", "properties": { }, "geometry": { "type": "LineString", "coordinates": [ [ -1.661143102654437, 52.686482463666131, 0.0 ], [ -1.661108376750349, 52.686497157858867, 0.0 ] ] } },
{ "type": "Feature", "properties": { }, "geometry": { "type": "LineString", "coordinates": [ [ -1.661081982908394, 52.686514776520887, 0.0 ], [ -1.661061776272798, 52.686532444642282, 0.0 ] ] } },
{ "type": "Feature", "properties": { }, "geometry": { "type": "LineString", "coordinates": [ [ -1.661035863765761, 52.686579699893088, 0.0 ], [ -1.661035345259901, 52.68661570556889, 0.0 ] ] } },
{ "type": "Feature", "properties": { }, "geometry": { "type": "LineString", "coordinates": [ [ -1.661035345259901, 52.68661570556889, 0.0 ], [ -1.661046518395302, 52.686652034817072, 0.0 ] ] } },
{ "type": "Feature", "properties": { }, "geometry": { "type": "LineString", "coordinates": [ [ -1.661040931825252, 52.686633870193148, -12.348696362848434 ], [ -1.661013578521504, 52.686633792086866, -12.348696362848434 ], [ -1.660998785479876, 52.686633749843288, -12.348696362848434 ] ] } },
{ "type": "Feature", "properties": { }, "geometry": { "type": "LineString", "coordinates": [ [ -1.661046518395302, 52.686652034817072, 0.0 ], [ -1.661101153083264, 52.686824412250644, 0.0 ] ] } },
{ "type": "Feature", "properties": { }, "geometry": { "type": "LineString", "coordinates": [ [ -1.661059042607024, 52.68673818130204, -12.513372870133271 ], [ -1.661029603466722, 52.686738097244529, -12.513372870133271 ], [ -1.661014810389093, 52.686738055003147, -12.513372870133271 ] ] } },
{ "type": "Feature", "properties": { }, "geometry": { "type": "LineString", "coordinates": [ [ -1.661108376750349, 52.686497157858867, 0.0 ], [ -1.661081982908394, 52.686514776520887, 0.0 ] ] } },
{ "type": "Feature", "properties": { }, "geometry": { "type": "LineString", "coordinates": [ [ -1.661061776272798, 52.686532444642282, 0.0 ], [ -1.661047298458026, 52.686552562805964, 0.0 ] ] } },
{ "type": "Feature", "properties": { }, "geometry": { "type": "LineString", "coordinates": [ [ -1.66108220590947, 52.686828876221078, 0.0 ], [ -1.6610489464175, 52.686866157956331, 0.0 ] ] } },
{ "type": "Feature", "properties": { }, "geometry": { "type": "LineString", "coordinates": [ [ -1.661060747887728, 52.686839019757976, -12.887259715190972 ], [ -1.661031803010469, 52.686788079373891, -12.887259715190972 ], [ -1.661017009915597, 52.686788037132864, -12.887259715190972 ] ] } },
{ "type": "Feature", "properties": { }, "geometry": { "type": "LineString", "coordinates": [ [ -1.661719486909007, 52.687236532707459, 0.0 ], [ -1.661735830290699, 52.68719467563929, 0.0 ] ] } },
{ "type": "Feature", "properties": { }, "geometry": { "type": "LineString", "coordinates": [ [ -1.661707737520265, 52.687335092504703, 0.0 ], [ -1.661714920260142, 52.687275869070753, 0.0 ] ] } },
{ "type": "Feature", "properties": { }, "geometry": { "type": "LineString", "coordinates": [ [ -1.661726122167159, 52.687305522941294, -4.658051957496244 ], [ -1.661745079094591, 52.687305576956405, -4.658051957496244 ], [ -1.661759872369106, 52.687305619105643, -4.658051957496244 ] ] } },
{ "type": "Feature", "properties": { }, "geometry": { "type": "LineString", "coordinates": [ [ -1.661777111242106, 52.68755707981196, 0.0 ], [ -1.661770102607725, 52.687524533475262, 0.0 ] ] } },
{ "type": "Feature", "properties": { }, "geometry": { "type": "LineString", "coordinates": [ [ -1.661779426421627, 52.687590751439181, 0.0 ], [ -1.661777111242106, 52.68755707981196, 0.0 ] ] } },
{ "type": "Feature", "properties": { }, "geometry": { "type": "LineString", "coordinates": [ [ -1.661651183388093, 52.687153177385042, 0.0 ], [ -1.66168584398353, 52.687116229546838, 0.0 ] ] } },
{ "type": "Feature", "properties": { }, "geometry": { "type": "LineString", "coordinates": [ [ -1.661758092015019, 52.687067696792731, 0.0 ], [ -1.661811674418805, 52.687043174926018, 0.0 ] ] } },
{ "type": "Feature", "properties": { }, "geometry": { "type": "LineString", "coordinates": [ [ -1.661811674418805, 52.687043174926018, 0.0 ], [ -1.661862779410936, 52.687026396466408, 0.0 ] ] } },
{ "type": "Feature", "properties": { }, "geometry": { "type": "LineString", "coordinates": [ [ -1.662346622246918, 52.686944412968849, 0.0 ], [ -1.662380144244811, 52.686996054459684, 0.0 ] ] } },
{ "type": "Feature", "properties": { }, "geometry": { "type": "LineString", "coordinates": [ [ -1.66236646409242, 52.68696144125645, 14.014999639689872 ], [ -1.662383402094481, 52.68691310181277, 14.014999639689872 ], [ -1.662398195234609, 52.686913143883046, 14.014999639689872 ], [ -1.66236646409242, 52.68696144125645, 14.014999639689872 ] ] } },
{ "type": "Feature", "properties": { }, "geometry": { "type": "LineString", "coordinates": [ [ -1.662380144244811, 52.686996054459684, 0.0 ], [ -1.662674329131073, 52.686949323472724, 0.0 ] ] } },
{ "type": "Feature", "properties": { }, "geometry": { "type": "LineString", "coordinates": [ [ -1.667141375149909, 52.685850430847545, 0.0 ], [ -1.667195746706627, 52.685859212810364, 0.0 ] ] } },
{ "type": "Feature", "properties": { }, "geometry": { "type": "LineString", "coordinates": [ [ -1.666793273305693, 52.685884803495725, 0.0 ], [ -1.667039206055431, 52.685851086713264, 0.0 ] ] } },
{ "type": "Feature", "properties": { }, "geometry": { "type": "LineString", "coordinates": [ [ -1.667039206055431, 52.685851086713264, 0.0 ], [ -1.667092643039601, 52.68584718896556, 0.0 ] ] } },
{ "type": "Feature", "properties": { }, "geometry": { "type": "LineString", "coordinates": [ [ -1.667092643039601, 52.68584718896556, 0.0 ], [ -1.667141375149909, 52.685850430847545, 0.0 ] ] } },
{ "type": "Feature", "properties": { }, "geometry": { "type": "LineString", "coordinates": [ [ -1.667285480837542, 52.685903150442947, 0.0 ], [ -1.667312407816669, 52.685929404407744, 0.0 ] ] } },
{ "type": "Feature", "properties": { }, "geometry": { "type": "LineString", "coordinates": [ [ -1.667247737059751, 52.685879538890887, 0.0 ], [ -1.667285480837542, 52.685903150442947, 0.0 ] ] } },
{ "type": "Feature", "properties": { }, "geometry": { "type": "LineString", "coordinates": [ [ -1.667329521259775, 52.686087989870565, 0.0 ], [ -1.667190736528289, 52.686343708769378, 0.0 ] ] } },
{ "type": "Feature", "properties": { }, "geometry": { "type": "LineString", "coordinates": [ [ -1.667190736528289, 52.686343708769378, 0.0 ], [ -1.666998049665319, 52.686577219828585, 0.0 ] ] } },
{ "type": "Feature", "properties": { }, "geometry": { "type": "LineString", "coordinates": [ [ -1.667079600368414, 52.686460422852981, -18.029629454137385 ], [ -1.667050340624477, 52.686460340792507, -18.029629454137385 ], [ -1.667035547633382, 52.686460299302041, -18.029629454137385 ] ] } },
{ "type": "Feature", "properties": { }, "geometry": { "type": "LineString", "coordinates": [ [ -1.667323906703034, 52.685967461809078, 0.0 ], [ -1.667329521259775, 52.686087989870565, 0.0 ] ] } },
{ "type": "Feature", "properties": { }, "geometry": { "type": "LineString", "coordinates": [ [ -1.667186921256275, 52.686819028029049, 0.0 ], [ -1.667241058251121, 52.68682400616995, 0.0 ] ] } },
{ "type": "Feature", "properties": { }, "geometry": { "type": "LineString", "coordinates": [ [ -1.667046181098936, 52.686772332406669, 0.0 ], [ -1.667095222756567, 52.686795652909559, 0.0 ] ] } },
{ "type": "Feature", "properties": { }, "geometry": { "type": "LineString", "coordinates": [ [ -1.667095222756567, 52.686795652909559, 0.0 ], [ -1.667137187357314, 52.686809419191768, 0.0 ] ] } },
{ "type": "Feature", "properties": { }, "geometry": { "type": "LineString", "coordinates": [ [ -1.666969174754765, 52.686681425197818, 0.0 ], [ -1.666986496389091, 52.686716608981122, 0.0 ] ] } },
{ "type": "Feature", "properties": { }, "geometry": { "type": "LineString", "coordinates": [ [ -1.666974614710107, 52.686612504366281, 0.0 ], [ -1.666966227297363, 52.68664614328889, 0.0 ] ] } },
{ "type": "Feature", "properties": { }, "geometry": { "type": "LineString", "coordinates": [ [ -1.666966227297363, 52.68664614328889, 0.0 ], [ -1.666969174754765, 52.686681425197818, 0.0 ] ] } },
{ "type": "Feature", "properties": { }, "geometry": { "type": "LineString", "coordinates": [ [ -1.667137187357314, 52.686809419191768, 0.0 ], [ -1.667186921256275, 52.686819028029049, 0.0 ] ] } },
{ "type": "Feature", "properties": { }, "geometry": { "type": "LineString", "coordinates": [ [ -1.668215315033603, 52.68698908020599, 0.0 ], [ -1.668140420953601, 52.687811607843216, 0.0 ] ] } },
{ "type": "Feature", "properties": { }, "geometry": { "type": "LineString", "coordinates": [ [ -1.66816307504164, 52.687400302702429, -20.262939323062845 ], [ -1.668134986387734, 52.687400224198313, -20.262939323062845 ], [ -1.668120193070797, 52.687400182844918, -20.262939323062845 ] ] } },
{ "type": "Feature", "properties": { }, "geometry": { "type": "LineString", "coordinates": [ [ -1.668231856418399, 52.686922878844406, 0.0 ], [ -1.668228678148857, 52.686951901878501, 0.0 ] ] } },
{ "type": "Feature", "properties": { }, "geometry": { "type": "LineString", "coordinates": [ [ -1.668217014731142, 52.686886984781275, 0.0 ], [ -1.668231856418399, 52.686922878844406, 0.0 ] ] } },
{ "type": "Feature", "properties": { }, "geometry": { "type": "LineString", "coordinates": [ [ -1.6681881451595, 52.686859519733687, 0.0 ], [ -1.668217014731142, 52.686886984781275, 0.0 ] ] } },
{ "type": "Feature", "properties": { }, "geometry": { "type": "LineString", "coordinates": [ [ -1.668147639413049, 52.686839645672492, 0.0 ], [ -1.6681881451595, 52.686859519733687, 0.0 ] ] } },
{ "type": "Feature", "properties": { }, "geometry": { "type": "LineString", "coordinates": [ [ -1.667900503191641, 52.688501691130611, 0.0 ], [ -1.66784289862836, 52.688509495121146, 0.0 ] ] } },
{ "type": "Feature", "properties": { }, "geometry": { "type": "LineString", "coordinates": [ [ -1.667967177362313, 52.688466149621455, 0.0 ], [ -1.667940274330141, 52.688486412460222, 0.0 ] ] } },
{ "type": "Feature", "properties": { }, "geometry": { "type": "LineString", "coordinates": [ [ -1.667999172009516, 52.688387598894131, 0.0 ], [ -1.66799091803262, 52.68843763533102, 0.0 ] ] } },
{ "type": "Feature", "properties": { }, "geometry": { "type": "LineString", "coordinates": [ [ -1.66799091803262, 52.68843763533102, 0.0 ], [ -1.667967177362313, 52.688466149621455, 0.0 ] ] } },
{ "type": "Feature", "properties": { }, "geometry": { "type": "LineString", "coordinates": [ [ -1.661771723465495, 52.687653743859435, 0.0 ], [ -1.661777855459791, 52.687620306453994, 0.0 ] ] } },
{ "type": "Feature", "properties": { }, "geometry": { "type": "LineString", "coordinates": [ [ -1.661670366161496, 52.687920882005933, 0.0 ], [ -1.661696196455202, 52.687856688631783, 0.0 ] ] } },
{ "type": "Feature", "properties": { }, "geometry": { "type": "LineString", "coordinates": [ [ -1.661655454871958, 52.687990870546855, 0.0 ], [ -1.661659031573084, 52.687962518393931, 0.0 ] ] } },
{ "type": "Feature", "properties": { }, "geometry": { "type": "LineString", "coordinates": [ [ -1.661659031573084, 52.687962518393931, 0.0 ], [ -1.661670366161496, 52.687920882005933, 0.0 ] ] } },
{ "type": "Feature", "properties": { }, "geometry": { "type": "LineString", "coordinates": [ [ -1.657220042340052, 52.683927599017991, 0.0 ], [ -1.657234522796559, 52.683951535448827, 0.0 ] ] } },
{ "type": "Feature", "properties": { }, "geometry": { "type": "LineString", "coordinates": [ [ -1.657198575135826, 52.683904486212199, 0.0 ], [ -1.657220042340052, 52.683927599017991, 0.0 ] ] } },
{ "type": "Feature", "properties": { }, "geometry": { "type": "LineString", "coordinates": [ [ -1.65709823201392, 52.683865958827589, 0.0 ], [ -1.657159504448298, 52.683881659626955, 0.0 ] ] } },
{ "type": "Feature", "properties": { }, "geometry": { "type": "LineString", "coordinates": [ [ -1.657030883575458, 52.683863820627572, 0.0 ], [ -1.65709823201392, 52.683865958827589, 0.0 ] ] } },
{ "type": "Feature", "properties": { }, "geometry": { "type": "LineString", "coordinates": [ [ -1.656007876389669, 52.683861578541524, 0.0 ], [ -1.656067139701566, 52.683860400750142, 0.0 ] ] } },
{ "type": "Feature", "properties": { }, "geometry": { "type": "LineString", "coordinates": [ [ -1.655957681807192, 52.68386830830142, 0.0 ], [ -1.656007876389669, 52.683861578541524, 0.0 ] ] } },
{ "type": "Feature", "properties": { }, "geometry": { "type": "LineString", "coordinates": [ [ -1.655906535336521, 52.683883258580067, 0.0 ], [ -1.655957681807192, 52.68386830830142, 0.0 ] ] } },
{ "type": "Feature", "properties": { }, "geometry": { "type": "LineString", "coordinates": [ [ -1.655864383200199, 52.683902571173817, 0.0 ], [ -1.655906535336521, 52.683883258580067, 0.0 ] ] } },
{ "type": "Feature", "properties": { }, "geometry": { "type": "LineString", "coordinates": [ [ -1.655460471706512, 52.684196837535701, 0.0 ], [ -1.65554902165425, 52.684146362167759, 0.0 ] ] } },
{ "type": "Feature", "properties": { }, "geometry": { "type": "LineString", "coordinates": [ [ -1.655391920132949, 52.684236909099646, 0.0 ], [ -1.655460471706512, 52.684196837535701, 0.0 ] ] } },
{ "type": "Feature", "properties": { }, "geometry": { "type": "LineString", "coordinates": [ [ -1.65554902165425, 52.684146362167759, 0.0 ], [ -1.655611629090067, 52.684099975350485, 0.0 ] ] } },
{ "type": "Feature", "properties": { }, "geometry": { "type": "LineString", "coordinates": [ [ -1.65445454362891, 52.685160799233088, 0.0 ], [ -1.654410164028031, 52.68512959521405, 0.0 ] ] } },
{ "type": "Feature", "properties": { }, "geometry": { "type": "LineString", "coordinates": [ [ -1.654410164028031, 52.68512959521405, 0.0 ], [ -1.654380506215793, 52.685091512385959, 0.0 ] ] } },
{ "type": "Feature", "properties": { }, "geometry": { "type": "LineString", "coordinates": [ [ -1.654380506215793, 52.685091512385959, 0.0 ], [ -1.65436928113788, 52.685042789617569, 0.0 ] ] } },
{ "type": "Feature", "properties": { }, "geometry": { "type": "LineString", "coordinates": [ [ -1.654387670764174, 52.684994289199715, 0.0 ], [ -1.65443654644776, 52.684931964297867, 0.0 ] ] } },
{ "type": "Feature", "properties": { }, "geometry": { "type": "LineString", "coordinates": [ [ -1.65443654644776, 52.684931964297867, 0.0 ], [ -1.654499599776802, 52.684866165948385, 0.0 ] ] } },
{ "type": "Feature", "properties": { }, "geometry": { "type": "LineString", "coordinates": [ [ -1.654499599776802, 52.684866165948385, 0.0 ], [ -1.654554362035784, 52.684821722570817, 0.0 ] ] } },
{ "type": "Feature", "properties": { }, "geometry": { "type": "LineString", "coordinates": [ [ -1.65436928113788, 52.685042789617569, 0.0 ], [ -1.654387670764174, 52.684994289199715, 0.0 ] ] } },
{ "type": "Feature", "properties": { }, "geometry": { "type": "LineString", "coordinates": [ [ -1.657432078589458, 52.683869989334944, 0.0 ], [ -1.657392517223334, 52.683883097647502, 0.0 ] ] } },
{ "type": "Feature", "properties": { }, "geometry": { "type": "LineString", "coordinates": [ [ -1.657392517223334, 52.683883097647502, 0.0 ], [ -1.657354884666181, 52.683905659958469, 0.0 ] ] } },
{ "type": "Feature", "properties": { }, "geometry": { "type": "LineString", "coordinates": [ [ -1.657469268127555, 52.683864144397823, 0.0 ], [ -1.657432078589458, 52.683869989334944, 0.0 ] ] } },
{ "type": "Feature", "properties": { }, "geometry": { "type": "LineString", "coordinates": [ [ -1.661595466032298, 52.688523719975947, 0.0 ], [ -1.661576574358862, 52.688523666127232, 0.0 ], [ -1.661579450883589, 52.688510783378717, 0.0 ] ] } },
{ "type": "Feature", "properties": { }, "geometry": { "type": "LineString", "coordinates": [ [ -1.661579450883589, 52.688510783378717, 0.0 ], [ -1.661576574358862, 52.688523666127232, 0.0 ] ] } },
{ "type": "Feature", "properties": { }, "geometry": { "type": "LineString", "coordinates": [ [ -1.661572187429858, 52.68852728648551, 3.238460662532046 ], [ -1.661564878105418, 52.688538507130559, 3.238460662532046 ], [ -1.661550084405927, 52.688538464959159, 3.238460662532046 ], [ -1.661572187429858, 52.68852728648551, 3.238460662532046 ] ] } },
{ "type": "Feature", "properties": { }, "geometry": { "type": "LineString", "coordinates": [ [ -1.667671638986302, 52.684465117999132, 0.0 ], [ -1.667665722064736, 52.684465101432757, 0.0 ] ] } },
{ "type": "Feature", "properties": { }, "geometry": { "type": "LineString", "coordinates": [ [ -1.658901194094525, 52.68371247080114, 0.0 ], [ -1.658901182456626, 52.683713969999168, 0.0 ], [ -1.658900010732059, 52.683712467400227, 0.0 ], [ -1.658899999210167, 52.683713951648961, 0.0 ] ] } },
{ "type": "Feature", "properties": { }, "geometry": { "type": "LineString", "coordinates": [ [ -1.667213077615672, 52.686847885968547, 1.032889241727507 ], [ -1.667213104835329, 52.686844290172452, 1.032889241727507 ] ] } },
{ "type": "Feature", "properties": { }, "geometry": { "type": "LineString", "coordinates": [ [ -1.666727716035453, 52.687192627134394, 1.032889241727507 ], [ -1.666721798738174, 52.687192610522857, 1.032889241727507 ] ] } },
{ "type": "Feature", "properties": { }, "geometry": { "type": "LineString", "coordinates": [ [ -1.660675619866308, 52.690090392814625, 0.0 ], [ -1.66037192383724, 52.690277445195221, 0.0 ], [ -1.660855761805614, 52.690420463995409, 0.0 ], [ -1.660723628380897, 52.690551082138469, 0.0 ], [ -1.661178401413067, 52.690708359243118, 0.0 ], [ -1.662360621436895, 52.691087526412446, 0.0 ], [ -1.663100006847615, 52.691225399062937, 0.0 ], [ -1.663344839186735, 52.691200491603155, 0.0 ], [ -1.663644401324785, 52.69113574942773, 0.0 ], [ -1.663953496241823, 52.690991996090801, 0.0 ], [ -1.664238488735002, 52.69075827905997, 0.0 ], [ -1.662987781979345, 52.690652806386858, 0.0 ], [ -1.662222667205176, 52.690503807828527, 0.0 ], [ -1.661114520568958, 52.690252517680108, 0.0 ], [ -1.660675619866308, 52.690090392814625, 0.0 ] ] } },
{ "type": "Feature", "properties": { }, "geometry": { "type": "LineString", "coordinates": [ [ -1.66130679168657, 52.687485217778189, 0.0 ], [ -1.661320903828163, 52.687205677769796, 0.0 ], [ -1.661265948555357, 52.686896170648566, 0.0 ], [ -1.66114855593536, 52.686586855702323, 0.0 ], [ -1.661623879498956, 52.686411020230111, 0.0 ], [ -1.661728796853382, 52.686350680102386, 0.0 ], [ -1.66161710055454, 52.686154717473734, 0.0 ], [ -1.661441432740987, 52.685993737983679, 0.0 ], [ -1.661424858115323, 52.685939317886536, 0.0 ], [ -1.661524742500684, 52.685593978833005, 0.0 ], [ -1.662038343671642, 52.684256851404896, 0.0 ], [ -1.662003098934107, 52.684084175473515, 0.0 ], [ -1.662102654594881, 52.683786427426909, 0.0 ], [ -1.662281338750823, 52.683455790747352, 0.0 ], [ -1.66213168674749, 52.683375502853373, 0.0 ], [ -1.661909658886624, 52.683379070115905, 0.0 ], [ -1.661789973536383, 52.683263161102168, 0.0 ], [ -1.661818034196479, 52.68318577626696, 0.0 ], [ -1.661877767888194, 52.683069408479085, 0.0 ], [ -1.661358547328921, 52.682246384320642, 0.0 ], [ -1.661123578189717, 52.68200468643834, 0.0 ], [ -1.660829294200761, 52.681530275007148, 0.0 ], [ -1.660566141564158, 52.681591313607299, 0.0 ], [ -1.660291445500007, 52.68159337552472, 0.0 ], [ -1.659678135491957, 52.68172712373697, 0.0 ], [ -1.659005985744947, 52.681865104484139, 0.0 ], [ -1.656734372388564, 52.68238040101739, 0.0 ], [ -1.656343902971037, 52.682477410090918, 0.0 ], [ -1.656214039749829, 52.68291283994381, 0.0 ], [ -1.65610244906351, 52.683143604086702, 0.0 ], [ -1.65593134829617, 52.683516693580039, 0.0 ], [ -1.655824977449719, 52.68372208257891, 0.0 ], [ -1.655806111926505, 52.68376008024952, 0.0 ], [ -1.655747763006693, 52.683803532700473, 0.0 ], [ -1.655744016788754, 52.683819273988362, 0.0 ], [ -1.655650383078924, 52.683874545135659, 0.0 ], [ -1.655609059362806, 52.683984241421989, 0.0 ], [ -1.655483022983299, 52.684081185517556, 0.0 ], [ -1.655117851419556, 52.684302753365834, 0.0 ], [ -1.654840881869457, 52.684486379696281, 0.0 ], [ -1.654443790539342, 52.684809444577645, 0.0 ], [ -1.654335642832902, 52.684911580907816, 0.0 ], [ -1.654194058619133, 52.685104392952915, 0.0 ], [ -1.654132265943785, 52.68519281313786, 0.0 ], [ -1.653977199364573, 52.685301298410117, 0.0 ], [ -1.653870588827613, 52.685592372588665, 0.0 ], [ -1.653947883462694, 52.685681930320357, 0.0 ], [ -1.654426217128267, 52.686017437282693, 0.0 ], [ -1.654777747870629, 52.686085617847645, 0.0 ], [ -1.654880616975918, 52.68617074734707, 0.0 ], [ -1.655102056313543, 52.686393346385834, 0.0 ], [ -1.655232787385439, 52.686528553241089, 0.0 ], [ -1.655553155523333, 52.686732284223559, 0.0 ], [ -1.655890990992057, 52.687017633026002, 0.0 ], [ -1.656101254544497, 52.687102649621274, 0.0 ], [ -1.65636919757537, 52.687144170178541, 0.0 ], [ -1.656229176399994, 52.68760041246577, 0.0 ], [ -1.658038397028939, 52.688733638097823, 0.0 ], [ -1.658849295530256, 52.689077436358325, 0.0 ], [ -1.6593963892898, 52.689323141270656, 0.0 ], [ -1.659730244790579, 52.68944213376291, 0.0 ], [ -1.660031437498526, 52.689580769382964, 0.0 ], [ -1.660426915632808, 52.689768293066685, 0.0 ], [ -1.660583301783867, 52.689630683782504, 0.0 ], [ -1.660644260678284, 52.689556233785225, 0.0 ], [ -1.660597851457563, 52.689462548137357, 0.0 ], [ -1.66064406575971, 52.689351517909117, 0.0 ], [ -1.660628707184383, 52.689204340733561, 0.0 ], [ -1.660663186664169, 52.689085046675757, 0.0 ], [ -1.660735872144832, 52.689092411223037, 0.0 ], [ -1.660778669822788, 52.688945982705121, 0.0 ], [ -1.660883404933488, 52.688914463046821, 0.0 ], [ -1.660956198224614, 52.688790051806947, 0.0 ], [ -1.661111749150162, 52.688520520671609, 0.0 ], [ -1.661063079347362, 52.688390548569494, 0.0 ], [ -1.66111932993145, 52.688307473276595, 0.0 ], [ -1.661206191516134, 52.688287953892313, 0.0 ], [ -1.661236598039113, 52.68820815111691, 0.0 ], [ -1.661259367059461, 52.68799223153794, 0.0 ], [ -1.661225337100439, 52.687917297425969, 0.0 ], [ -1.661244549826606, 52.687776944085407, 0.0 ], [ -1.66130679168657, 52.687485217778189, 0.0 ] ] } },
{ "type": "Feature", "properties": { }, "geometry": { "type": "LineString", "coordinates": [ [ -1.660684875592979, 52.690135893078427, 0.0 ], [ -1.660471964456139, 52.690267029397617, 0.0 ], [ -1.66094037569403, 52.690405487761325, 0.0 ], [ -1.660806095847305, 52.690538228103499, 0.0 ], [ -1.661206856836798, 52.690676825695896, 0.0 ], [ -1.66238331386186, 52.691054144493457, 0.0 ], [ -1.663104012495166, 52.691188532658948, 0.0 ], [ -1.663329921432538, 52.691165550320576, 0.0 ], [ -1.663615812131461, 52.691103762864913, 0.0 ], [ -1.663910908600325, 52.690966519951388, 0.0 ], [ -1.66413156342934, 52.690785565439121, 0.0 ], [ -1.662974586576024, 52.69068799652878, 0.0 ], [ -1.662203280842136, 52.690537792349701, 0.0 ], [ -1.661088574024631, 52.69028501453144, 0.0 ], [ -1.660684875592979, 52.690135893078427, 0.0 ] ] } },
{ "type": "Feature", "properties": { }, "geometry": { "type": "LineString", "coordinates": [ [ -1.661247734742258, 52.687482347492306, 0.0 ], [ -1.661261632512318, 52.687207061378878, 0.0 ], [ -1.661207495567176, 52.686902160703752, 0.0 ], [ -1.661081296161845, 52.686569639576305, 0.0 ], [ -1.661587757235747, 52.686382285671684, 0.0 ], [ -1.661660382816927, 52.686340517248688, 0.0 ], [ -1.661563641911124, 52.686170792252618, 0.0 ], [ -1.661385446217334, 52.686007496031678, 0.0 ], [ -1.661364731492903, 52.68593948228915, 0.0 ], [ -1.661466747965273, 52.685586773481234, 0.0 ], [ -1.66197832609373, 52.68425491778158, 0.0 ], [ -1.661943189713838, 52.684082771525972, 0.0 ], [ -1.662045359917188, 52.683777205242549, 0.0 ], [ -1.662212963656888, 52.683467072626051, 0.0 ], [ -1.662109980755234, 52.683411822539036, 0.0 ], [ -1.66187748247103, 52.68341555796988, 0.0 ], [ -1.661726977527598, 52.683269801648059, 0.0 ], [ -1.661760797129366, 52.683176535344053, 0.0 ], [ -1.661815165201195, 52.683070620671245, 0.0 ], [ -1.661305080272287, 52.682262075758246, 0.0 ], [ -1.661070026620516, 52.682020290622198, 0.0 ], [ -1.660794888714133, 52.681576743842207, 0.0 ], [ -1.660577401693124, 52.681627190169642, 0.0 ], [ -1.66030209408341, 52.681629256699807, 0.0 ], [ -1.659697596264078, 52.681761083163515, 0.0 ], [ -1.659025803512437, 52.681898990639745, 0.0 ], [ -1.656755917187286, 52.6824138954549, 0.0 ], [ -1.656396333439626, 52.682503231294341, 0.0 ], [ -1.656271696278032, 52.682921139873862, 0.0 ], [ -1.656159333452979, 52.683153501392923, 0.0 ], [ -1.655988081513186, 52.683526921567534, 0.0 ], [ -1.655880442923324, 52.683734758757943, 0.0 ], [ -1.655812040298692, 52.683829249318933, 0.0 ], [ -1.655704156367003, 52.683892932332725, 0.0 ], [ -1.655663758595199, 52.684000170978145, 0.0 ], [ -1.655527292156266, 52.684105137720216, 0.0 ], [ -1.655160584324419, 52.684327637842259, 0.0 ], [ -1.654886508295372, 52.68450934593843, 0.0 ], [ -1.654492431806424, 52.684829958288184, 0.0 ], [ -1.654387840647007, 52.684928735871246, 0.0 ], [ -1.654248311721392, 52.685118749297978, 0.0 ], [ -1.654183071867249, 52.68521210226416, 0.0 ], [ -1.65403170034063, 52.68531800257383, 0.0 ], [ -1.653933054472891, 52.685587332169035, 0.0 ], [ -1.653997097700701, 52.685661535985169, 0.0 ], [ -1.654460049631022, 52.685986253891109, 0.0 ], [ -1.654814059252633, 52.686054915178119, 0.0 ], [ -1.654929882073156, 52.686150764481766, 0.0 ], [ -1.6551528863084, 52.68637493635589, 0.0 ], [ -1.655280320231994, 52.686506733031877, 0.0 ], [ -1.655598782499598, 52.686709251859249, 0.0 ], [ -1.655932735345097, 52.686991321045191, 0.0 ], [ -1.656125642219082, 52.687069319730824, 0.0 ], [ -1.656437530377341, 52.687117649946892, 0.0 ], [ -1.656292958439823, 52.687588723003465, 0.0 ], [ -1.658076914838964, 52.688706123005339, 0.0 ], [ -1.658883818467678, 52.689048227407795, 0.0 ], [ -1.659429037006743, 52.689293090071175, 0.0 ], [ -1.659763194684703, 52.689412190224594, 0.0 ], [ -1.660067507941283, 52.68955226215391, 0.0 ], [ -1.660413865996063, 52.689716494693677, 0.0 ], [ -1.660532203838505, 52.689612365373904, 0.0 ], [ -1.660580841353034, 52.689552963764427, 0.0 ], [ -1.660536464610563, 52.689463380762163, 0.0 ], [ -1.660584420643441, 52.689348166422562, 0.0 ], [ -1.660569203237455, 52.689202340076484, 0.0 ], [ -1.660615050792033, 52.689043714735746, 0.0 ], [ -1.660687846956698, 52.689051090535557, 0.0 ], [ -1.660725630541704, 52.688921817734268, 0.0 ], [ -1.660835673523657, 52.688888700730139, 0.0 ], [ -1.660900398876298, 52.688778078635288, 0.0 ], [ -1.661050265948431, 52.688518396850618, 0.0 ], [ -1.66100121617833, 52.688387409512693, 0.0 ], [ -1.661074475688126, 52.688279214289544, 0.0 ], [ -1.661155738828505, 52.688260953003443, 0.0 ], [ -1.661177854273626, 52.688202910576663, 0.0 ], [ -1.66119967705392, 52.687995966946914, 0.0 ], [ -1.661165493174204, 52.687920693658235, 0.0 ], [ -1.661185691799344, 52.687773139600885, 0.0 ], [ -1.661247734742258, 52.687482347492306, 0.0 ] ] } },
{ "type": "Feature", "properties": { }, "geometry": { "type": "LineString", "coordinates": [ [ -1.660675619866308, 52.690090392814625, 0.0 ], [ -1.66037192383724, 52.690277445195221, 0.0 ], [ -1.660855761805614, 52.690420463995409, 0.0 ], [ -1.660723628380897, 52.690551082138469, 0.0 ], [ -1.661178401413067, 52.690708359243118, 0.0 ], [ -1.662360621436895, 52.691087526412446, 0.0 ], [ -1.663100006847615, 52.691225399062937, 0.0 ], [ -1.663344839186735, 52.691200491603155, 0.0 ], [ -1.663644401324785, 52.69113574942773, 0.0 ], [ -1.663953496241823, 52.690991996090801, 0.0 ], [ -1.664238488735002, 52.69075827905997, 0.0 ], [ -1.662987781979345, 52.690652806386858, 0.0 ], [ -1.662222667205176, 52.690503807828527, 0.0 ], [ -1.661114520568958, 52.690252517680108, 0.0 ], [ -1.660675619866308, 52.690090392814625, 0.0 ] ] } },
{ "type": "Feature", "properties": { }, "geometry": { "type": "LineString", "coordinates": [ [ -1.669844768403682, 52.688964150315343, 0.0 ], [ -1.669804252979083, 52.68892473245716, 0.0 ], [ -1.669849051980716, 52.688760282738485, 0.0 ], [ -1.669893525446602, 52.68841421276916, 0.0 ], [ -1.669927813470793, 52.688186147003229, 0.0 ], [ -1.670011824972309, 52.687541093864198, 0.0 ], [ -1.670069588387449, 52.687190345649825, 0.0 ], [ -1.670141889309358, 52.687027534212042, 0.0 ], [ -1.670466927708239, 52.686849594716584, 0.0 ], [ -1.670522307547049, 52.686794711280172, 0.0 ], [ -1.670340123834616, 52.686771544667536, 0.0 ], [ -1.67027168782771, 52.6867591327062, 0.0 ], [ -1.670300578053762, 52.686707956575887, 0.0 ], [ -1.670334109433488, 52.686660947245841, 0.0 ], [ -1.670427873426735, 52.68652440978191, 0.0 ], [ -1.67055366988087, 52.686347176269493, 0.0 ], [ -1.670577909771369, 52.686308866558647, 0.0 ], [ -1.670605577148766, 52.686271621386453, 0.0 ], [ -1.67063665375546, 52.686224856684156, 0.0 ], [ -1.670669609698385, 52.686181154070468, 0.0 ], [ -1.67076116145748, 52.686036984401234, 0.0 ], [ -1.670814403572315, 52.685944221228468, 0.0 ], [ -1.670890017356232, 52.685797312998311, 0.0 ], [ -1.670917844682437, 52.68574781072217, 0.0 ], [ -1.670942199621223, 52.685700705577922, 0.0 ], [ -1.670963584467475, 52.685652852305694, 0.0 ], [ -1.670988511773386, 52.685603834751703, 0.0 ], [ -1.671009439235536, 52.685554711320137, 0.0 ], [ -1.671028393662511, 52.685506269205703, 0.0 ], [ -1.671049345574121, 52.685458496906044, 0.0 ], [ -1.671099237762153, 52.685311387296927, 0.0 ], [ -1.671126370940784, 52.685213809574257, 0.0 ], [ -1.671150701152789, 52.685108090214264, 0.0 ], [ -1.671171224960423, 52.685002531689612, 0.0 ], [ -1.671182879017558, 52.684951607119885, 0.0 ], [ -1.67120442774038, 52.684704158497283, 0.0 ], [ -1.671212624774373, 52.684504974846824, 0.0 ], [ -1.671210793491744, 52.68414907450542, 0.0 ], [ -1.671206062818958, 52.683934935597357, 0.0 ], [ -1.67107372243645, 52.683315771312749, 0.0 ], [ -1.670852738017488, 52.683322118011077, 0.0 ], [ -1.670674439321443, 52.683420432926297, 0.0 ], [ -1.670412932782055, 52.683376512477807, 0.0 ], [ -1.669818870866084, 52.683451827032748, 0.0 ], [ -1.669551247499627, 52.683441933536272, 0.0 ], [ -1.669431439405857, 52.683221629397217, 0.0 ], [ -1.669268917980625, 52.682764063194156, 0.0 ], [ -1.669188633461471, 52.68262221093422, 0.0 ], [ -1.668999804050756, 52.682216955989674, 0.0 ], [ -1.668911157016382, 52.682075080141104, 0.0 ], [ -1.668622755686148, 52.682090101789655, 0.0 ], [ -1.668401247475248, 52.681983030407551, 0.0 ], [ -1.667813131407343, 52.682150377160099, 0.0 ], [ -1.668067505893801, 52.682539999821216, 0.0 ], [ -1.66818607561134, 52.682553991737343, 0.0 ], [ -1.668245593901182, 52.682584952791061, 0.0 ], [ -1.668288269115943, 52.682628427291149, 0.0 ], [ -1.668310140637237, 52.682668038703426, 0.0 ], [ -1.668280593473637, 52.682746761214894, 0.0 ], [ -1.668219485627109, 52.682782794012937, 0.0 ], [ -1.668345682795802, 52.682979354571167, 0.0 ], [ -1.667551129766948, 52.683135299156426, 0.0 ], [ -1.667445561282938, 52.683219401750065, 0.0 ], [ -1.667374009652582, 52.683237450604167, 0.0 ], [ -1.667182298785624, 52.683229433152604, 0.0 ], [ -1.666949370212869, 52.683264154699444, 0.0 ], [ -1.667124988571266, 52.683593406718515, 0.0 ], [ -1.667273762130948, 52.683929727755661, 0.0 ], [ -1.667342203523872, 52.684047624361334, 0.0 ], [ -1.667406183529459, 52.684196571115052, 0.0 ], [ -1.667471816138402, 52.684244773058111, 0.0 ], [ -1.667625121386378, 52.684677656138689, 0.0 ], [ -1.667635537998558, 52.685719230351928, 0.0 ], [ -1.667387593464684, 52.685708748659117, 0.0 ], [ -1.666849834009502, 52.685797430012698, 0.0 ], [ -1.666632674383025, 52.685851695270053, 0.0 ], [ -1.664852452940582, 52.68627978816432, 0.0 ], [ -1.663850398157698, 52.686512437971579, 0.0 ], [ -1.663150023214703, 52.686694779681716, 0.0 ], [ -1.662688595133026, 52.686807020287375, 0.0 ], [ -1.662618787682147, 52.686879232896672, 0.0 ], [ -1.662481112329617, 52.686899873802993, 0.0 ], [ -1.66235894661831, 52.686872757230518, 0.0 ], [ -1.662046846431785, 52.686948294822905, 0.0 ], [ -1.661706020343596, 52.687044558416659, 0.0 ], [ -1.661604615504262, 52.687115355361563, 0.0 ], [ -1.661596640847435, 52.687255641338744, 0.0 ], [ -1.661677850145219, 52.687531759331726, 0.0 ], [ -1.661694114571719, 52.687592795048523, 0.0 ], [ -1.661606874978508, 52.687837799048737, 0.0 ], [ -1.6615334928705, 52.68798927188741, 0.0 ], [ -1.661529604698533, 52.688114812849172, 0.0 ], [ -1.661494657371165, 52.688369366148308, 0.0 ], [ -1.661141021433428, 52.689020718693428, 0.0 ], [ -1.661152186938911, 52.689123042108854, 0.0 ], [ -1.661236242204428, 52.689128393019288, 0.0 ], [ -1.661223695041583, 52.6892763687949, 0.0 ], [ -1.660898872747492, 52.689941141389035, 0.0 ], [ -1.661503427382409, 52.690126507314261, 0.0 ], [ -1.66236818207158, 52.690390630197399, 0.0 ], [ -1.662880836174943, 52.69051931425922, 0.0 ], [ -1.663781308538437, 52.690580186825287, 0.0 ], [ -1.664156120446399, 52.6905897798624, 0.0 ], [ -1.664314377232352, 52.690548151649139, 0.0 ], [ -1.664501751919348, 52.69060643985452, 0.0 ], [ -1.664772809780405, 52.690545022114676, 0.0 ], [ -1.665046762997771, 52.689752263106847, 0.0 ], [ -1.665196251858755, 52.689394797011481, 0.0 ], [ -1.665202418132475, 52.689341286150245, 0.0 ], [ -1.665501260036407, 52.688769616186242, 0.0 ], [ -1.665097906180249, 52.688487835884132, 0.0 ], [ -1.665281777465557, 52.688288259734136, 0.0 ], [ -1.665287835197134, 52.688171897681677, 0.0 ], [ -1.665336417691811, 52.688121146995258, 0.0 ], [ -1.665430588797211, 52.688043153983926, 0.0 ], [ -1.665551158299703, 52.68801762604933, 0.0 ], [ -1.666462284516693, 52.687215807100372, 0.0 ], [ -1.667164852639025, 52.687639223570251, 0.0 ], [ -1.667238408580427, 52.687765408371462, 0.0 ], [ -1.667112794712922, 52.6879261464805, 0.0 ], [ -1.666819616225084, 52.688227634073428, 0.0 ], [ -1.668152732503442, 52.688831655025645, 0.0 ], [ -1.668221439091538, 52.688968596118464, 0.0 ], [ -1.667168048840074, 52.689528816162614, 0.0 ], [ -1.666813076843817, 52.689773954004579, 0.0 ], [ -1.666687409786932, 52.689839965920939, 0.0 ], [ -1.66693489842461, 52.690028218848823, 0.0 ], [ -1.667408628843224, 52.690380265806262, 0.0 ], [ -1.667747454584639, 52.690661156186422, 0.0 ], [ -1.668154461871148, 52.690979668695356, 0.0 ], [ -1.66855740807215, 52.691230092297126, 0.0 ], [ -1.668870065904893, 52.691413624335986, 0.0 ], [ -1.66909512690671, 52.691531666278649, 0.0 ], [ -1.670334409205866, 52.6906198651496, 0.0 ], [ -1.670736282979427, 52.690364485357051, 0.0 ], [ -1.670955000496025, 52.690217416452924, 0.0 ], [ -1.67152956205147, 52.689815234307439, 0.0 ], [ -1.6712904434237, 52.689709141986427, 0.0 ], [ -1.671060619921272, 52.689594877114125, 0.0 ], [ -1.670388004982601, 52.689243686627464, 0.0 ], [ -1.670157723882493, 52.689128160121641, 0.0 ], [ -1.669935239604698, 52.689011332643574, 0.0 ], [ -1.669844768403682, 52.688964150315343, 0.0 ] ] } },
{ "type": "Feature", "properties": { }, "geometry": { "type": "LineString", "coordinates": [ [ -1.669799367438481, 52.688987858509762, 0.0 ], [ -1.669742220951534, 52.688932260053647, 0.0 ], [ -1.669790254362051, 52.688755938281318, 0.0 ], [ -1.66983456014581, 52.688411176736437, 0.0 ], [ -1.669868851294529, 52.688183092235697, 0.0 ], [ -1.669952883831927, 52.687537884257736, 0.0 ], [ -1.670011192671761, 52.687183827016597, 0.0 ], [ -1.670089309077241, 52.687007920419219, 0.0 ], [ -1.670420959055767, 52.686826361630715, 0.0 ], [ -1.67042793527648, 52.686819447957248, 0.0 ], [ -1.670325577638081, 52.686806432045707, 0.0 ], [ -1.670195723041646, 52.686782880805445, 0.0 ], [ -1.670245361372453, 52.686694951766086, 0.0 ], [ -1.670279656580096, 52.686646871672501, 0.0 ], [ -1.670373400264795, 52.686510364027647, 0.0 ], [ -1.670498865683884, 52.686333597219964, 0.0 ], [ -1.670523284320774, 52.686295005086357, 0.0 ], [ -1.670551155448083, 52.686257485694455, 0.0 ], [ -1.670582294908968, 52.686210626494471, 0.0 ], [ -1.670615059616457, 52.686167177549166, 0.0 ], [ -1.670705608979024, 52.686024586668957, 0.0 ], [ -1.67075821634706, 52.68593292961247, 0.0 ], [ -1.670833773655618, 52.685786131471204, 0.0 ], [ -1.670861613404669, 52.685736607209584, 0.0 ], [ -1.670885400707335, 52.685690600051352, 0.0 ], [ -1.670906749122806, 52.685642828438937, 0.0 ], [ -1.670931572969917, 52.685594014453969, 0.0 ], [ -1.670952008951965, 52.68554604482987, 0.0 ], [ -1.670971012321744, 52.685497477793916, 0.0 ], [ -1.670991734168922, 52.685450230204822, 0.0 ], [ -1.671041070620747, 52.68530475977861, 0.0 ], [ -1.671067886932885, 52.685208322049753, 0.0 ], [ -1.671092013245702, 52.685103489280365, 0.0 ], [ -1.671112534526496, 52.684997944479576, 0.0 ], [ -1.671123924613156, 52.684948173671607, 0.0 ], [ -1.671145296621914, 52.684702758098929, 0.0 ], [ -1.671153452500765, 52.684504581015787, 0.0 ], [ -1.671151625254454, 52.684149371621629, 0.0 ], [ -1.671146944979688, 52.683937501054196, 0.0 ], [ -1.671022068346056, 52.68335325336858, 0.0 ], [ -1.670876758826009, 52.683357426655597, 0.0 ], [ -1.670690075133692, 52.683460365075859, 0.0 ], [ -1.670410986711944, 52.683413491781216, 0.0 ], [ -1.66982319302393, 52.683488011605981, 0.0 ], [ -1.669507646239795, 52.683476346436073, 0.0 ], [ -1.669374269342281, 52.683231091422563, 0.0 ], [ -1.669211824173103, 52.682773738295985, 0.0 ], [ -1.669132150703894, 52.68263296536076, 0.0 ], [ -1.668943577037289, 52.682228258200119, 0.0 ], [ -1.668871702246615, 52.682113225459929, 0.0 ], [ -1.66860435188108, 52.682127150574175, 0.0 ], [ -1.668393121685621, 52.682025047373827, 0.0 ], [ -1.667888673528713, 52.682168586730121, 0.0 ], [ -1.668110562490217, 52.682508450905011, 0.0 ], [ -1.668212684614222, 52.68252050186328, 0.0 ], [ -1.668291436935913, 52.682561468328736, 0.0 ], [ -1.668342339517127, 52.682613324231639, 0.0 ], [ -1.668371525024219, 52.68266618184289, 0.0 ], [ -1.668334379840469, 52.682765148094866, 0.0 ], [ -1.668288889765893, 52.682791971768182, 0.0 ], [ -1.668423632838964, 52.683001842451453, 0.0 ], [ -1.667586939097076, 52.683166058234015, 0.0 ], [ -1.667482948421261, 52.683248903874457, 0.0 ], [ -1.66738383605732, 52.683273904910273, 0.0 ], [ -1.66718743802733, 52.683265691457301, 0.0 ], [ -1.667025281655292, 52.683289863372138, 0.0 ], [ -1.667181737844647, 52.683583188896023, 0.0 ], [ -1.667330314285429, 52.683919063304529, 0.0 ], [ -1.667398827553817, 52.684037083449553, 0.0 ], [ -1.667460124315712, 52.684179783144842, 0.0 ], [ -1.667526619202091, 52.684228618304815, 0.0 ], [ -1.66768425326688, 52.684673722880511, 0.0 ], [ -1.667695096378949, 52.685757793274952, 0.0 ], [ -1.667393451785683, 52.685745041543576, 0.0 ], [ -1.666868909289088, 52.685831543292025, 0.0 ], [ -1.666654814170087, 52.685885042772256, 0.0 ], [ -1.664873899705924, 52.686313302367502, 0.0 ], [ -1.663872618136039, 52.686545772688227, 0.0 ], [ -1.663172673261232, 52.686728002447509, 0.0 ], [ -1.662729368516186, 52.686835834681709, 0.0 ], [ -1.662657176423177, 52.686910514136287, 0.0 ], [ -1.662477763885107, 52.686937412475714, 0.0 ], [ -1.662359859855015, 52.686911241871911, 0.0 ], [ -1.662070283296984, 52.686981328048375, 0.0 ], [ -1.661742384616665, 52.687073940433294, 0.0 ], [ -1.661663029165615, 52.687129343392279, 0.0 ], [ -1.661655995970501, 52.687253070642001, 0.0 ], [ -1.661736186134124, 52.687525722211618, 0.0 ], [ -1.661754315708326, 52.687593756932976, 0.0 ], [ -1.661664252783369, 52.687846690975128, 0.0 ], [ -1.661592507277479, 52.687994786019125, 0.0 ], [ -1.661588733211043, 52.688116648159678, 0.0 ], [ -1.661553045933471, 52.688376593772809, 0.0 ], [ -1.661200830763947, 52.689025331168587, 0.0 ], [ -1.661207935062295, 52.689090435903942, 0.0 ], [ -1.6612982280125, 52.689096183861167, 0.0 ], [ -1.661282430387955, 52.689282497325948, 0.0 ], [ -1.660969676068834, 52.689922574163219, 0.0 ], [ -1.661530045430262, 52.69009439200353, 0.0 ], [ -1.662392801364087, 52.690357904372959, 0.0 ], [ -1.66289569609367, 52.690484138685775, 0.0 ], [ -1.663785830063321, 52.690544312349346, 0.0 ], [ -1.664145057920018, 52.69055350654331, 0.0 ], [ -1.66431649056885, 52.690508412490232, 0.0 ], [ -1.664505507657059, 52.690567211660444, 0.0 ], [ -1.664721592679259, 52.690518249972513, 0.0 ], [ -1.664989103475961, 52.689744136520517, 0.0 ], [ -1.665137590572791, 52.689389067062287, 0.0 ], [ -1.665143879635118, 52.6893344912842, 0.0 ], [ -1.665434799523099, 52.688777977459438, 0.0 ], [ -1.665025933141829, 52.688492345623622, 0.0 ], [ -1.665223088581163, 52.688278351136525, 0.0 ], [ -1.665229162849539, 52.688161674469839, 0.0 ], [ -1.66528684780463, 52.688101415172703, 0.0 ], [ -1.665393755188699, 52.688012873967857, 0.0 ], [ -1.665513442671985, 52.687987532805984, 0.0 ], [ -1.666453759192396, 52.687160025236949, 0.0 ], [ -1.667216117970012, 52.687619475851783, 0.0 ], [ -1.667302352316433, 52.687767410031597, 0.0 ], [ -1.667165100745573, 52.687943040318373, 0.0 ], [ -1.666897605604611, 52.688218117211072, 0.0 ], [ -1.66820367293768, 52.688809881681387, 0.0 ], [ -1.668289198735723, 52.688980345144081, 0.0 ], [ -1.667209926888743, 52.689554330364878, 0.0 ], [ -1.666854835134451, 52.689799551052012, 0.0 ], [ -1.666769174152272, 52.689844548154454, 0.0 ], [ -1.666980924125801, 52.69000561610288, 0.0 ], [ -1.66745543292328, 52.690358241216522, 0.0 ], [ -1.667794700051924, 52.690639497263973, 0.0 ], [ -1.668199135361357, 52.690955996826652, 0.0 ], [ -1.668599132733805, 52.691204587627709, 0.0 ], [ -1.668909990588193, 52.691387062970186, 0.0 ], [ -1.669088010791888, 52.691480432588207, 0.0 ], [ -1.670290149806069, 52.690595959479587, 0.0 ], [ -1.670692934998872, 52.69034000067338, 0.0 ], [ -1.670910698301673, 52.690193573493978, 0.0 ], [ -1.671442668668674, 52.68982120497737, 0.0 ], [ -1.671254230816149, 52.689737598621228, 0.0 ], [ -1.671022594388096, 52.689622432341743, 0.0 ], [ -1.670349880735909, 52.689271190160049, 0.0 ], [ -1.670119535732789, 52.689155631543727, 0.0 ], [ -1.66989662376371, 52.68903857943031, 0.0 ], [ -1.669799367438481, 52.688987858509762, 0.0 ] ] } },
{ "type": "Feature", "properties": { }, "geometry": { "type": "LineString", "coordinates": [ [ -1.667992034659825, 52.688642495449422, 0.0 ], [ -1.668021629162539, 52.688655211054254, 0.0 ], [ -1.668003266105248, 52.688670992119718, 0.0 ], [ -1.667973671597127, 52.688658276510346, 0.0 ] ] } },
{ "type": "Feature", "properties": { }, "geometry": { "type": "LineString", "coordinates": [ [ -1.667925958032654, 52.688637775815337, 0.0 ], [ -1.667893343725481, 52.688623762671575, 0.0 ], [ -1.667911706802847, 52.688607981622901, 0.0 ], [ -1.667944321104064, 52.688621994761682, 0.0 ] ] } },
{ "type": "Feature", "properties": { }, "geometry": { "type": "LineString", "coordinates": [ [ -1.667994169898795, 52.688640660442154, 0.0 ], [ -1.668026784249283, 52.68865467355679, 0.0 ], [ -1.668004150714231, 52.688674124638041, 0.0 ], [ -1.667971536356401, 52.688660111517265, 0.0 ] ] } },
{ "type": "Feature", "properties": { }, "geometry": { "type": "LineString", "coordinates": [ [ -1.667923822790915, 52.688639610821397, 0.0 ], [ -1.667888188640808, 52.68862430016322, 0.0 ], [ -1.66791082220196, 52.688604849103811, 0.0 ], [ -1.667946456344048, 52.688620159755274, 0.0 ] ] } },
{ "type": "Feature", "properties": { }, "geometry": { "type": "LineString", "coordinates": [ [ -1.667964276536563, 52.688666350540451, 0.0 ], [ -1.667916562967633, 52.688645849841706, 0.0 ], [ -1.667953716124702, 52.6886139207623, 0.0 ], [ -1.668001429676005, 52.688634421446295, 0.0 ], [ -1.667964276536563, 52.688666350540451, 0.0 ] ] } },
{ "type": "Feature", "properties": { }, "geometry": { "type": "LineString", "coordinates": [ [ -1.667953716124702, 52.6886139207623, 0.0 ], [ -1.667960548889431, 52.688608048741095, 0.0 ], [ -1.667961756826728, 52.688608567745881, 0.0 ], [ -1.667954924062083, 52.688614439767179, 0.0 ], [ -1.667953716124702, 52.6886139207623, 0.0 ] ] } },
{ "type": "Feature", "properties": { }, "geometry": { "type": "LineString", "coordinates": [ [ -1.667962171686972, 52.688617553796142, 0.0 ], [ -1.667969004451125, 52.688611681774432, 0.0 ], [ -1.667970212388626, 52.688612200779147, 0.0 ], [ -1.667963379624555, 52.688618072800914, 0.0 ], [ -1.667962171686972, 52.688617553796142, 0.0 ] ] } },
{ "type": "Feature", "properties": { }, "geometry": { "type": "LineString", "coordinates": [ [ -1.667997305608317, 52.688634851443396, 0.0 ], [ -1.667963568851822, 52.688663844525529, 0.0 ], [ -1.667920687037176, 52.688645419847397, 0.0 ], [ -1.667954423808058, 52.688616426777308, 0.0 ], [ -1.667997305608317, 52.688634851443396, 0.0 ] ] } },
{ "type": "Feature", "properties": { }, "geometry": { "type": "LineString", "coordinates": [ [ -1.667963379624555, 52.688618072800914, 0.0 ], [ -1.667953716124702, 52.6886139207623, 0.0 ], [ -1.667960548889431, 52.688608048741095, 0.0 ], [ -1.667970212388626, 52.688612200779147, 0.0 ], [ -1.667963379624555, 52.688618072800914, 0.0 ] ] } },
{ "type": "Feature", "properties": { }, "geometry": { "type": "LineString", "coordinates": [ [ -1.667984301458883, 52.688662843750343, 0.0 ], [ -1.667992034659825, 52.688642495449422, 0.0 ] ] } },
{ "type": "Feature", "properties": { }, "geometry": { "type": "LineString", "coordinates": [ [ -1.667973671597127, 52.688658276510346, 0.0 ], [ -1.668002664519639, 52.688647062687771, 0.0 ] ] } },
{ "type": "Feature", "properties": { }, "geometry": { "type": "LineString", "coordinates": [ [ -1.667971255752453, 52.688657238469517, 0.0 ], [ -1.667946737014631, 52.688623032741212, 0.0 ] ] } },
{ "type": "Feature", "properties": { }, "geometry": { "type": "LineString", "coordinates": [ [ -1.667928373943531, 52.68863881379518, 0.0 ], [ -1.667989618815592, 52.688641457408941, 0.0 ] ] } },
{ "type": "Feature", "properties": { }, "geometry": { "type": "LineString", "coordinates": [ [ -1.667925958032654, 52.688637775815337, 0.0 ], [ -1.667934053565824, 52.688617583188588, 0.0 ] ] } },
{ "type": "Feature", "properties": { }, "geometry": { "type": "LineString", "coordinates": [ [ -1.66791569049254, 52.688633364240673, 0.0 ], [ -1.667944321104064, 52.688621994761682, 0.0 ] ] } },
{ "type": "Feature", "properties": { }, "geometry": { "type": "LineString", "coordinates": [ [ -1.667992034801268, 52.68864249551018, 0.0 ], [ -1.668021629162431, 52.688655211054211, 0.0 ], [ -1.668003266105155, 52.688670992119654, 0.0 ], [ -1.667973671738587, 52.688658276571111, 0.0 ] ] } },
{ "type": "Feature", "properties": { }, "geometry": { "type": "LineString", "coordinates": [ [ -1.667925958032633, 52.688637775815302, 0.0 ], [ -1.667893343725493, 52.688623762671554, 0.0 ], [ -1.667911706802842, 52.688607981622901, 0.0 ], [ -1.667944321104026, 52.688621994761675, 0.0 ] ] } },
{ "type": "Feature", "properties": { }, "geometry": { "type": "LineString", "coordinates": [ [ -1.667994170040236, 52.688640660502919, 0.0 ], [ -1.668026784249168, 52.688654673556734, 0.0 ], [ -1.668004150714137, 52.688674124637977, 0.0 ], [ -1.667971536497863, 52.688660111578017, 0.0 ] ] } },
{ "type": "Feature", "properties": { }, "geometry": { "type": "LineString", "coordinates": [ [ -1.667923822790895, 52.688639610821362, 0.0 ], [ -1.667888188640829, 52.688624300163198, 0.0 ], [ -1.66791082220196, 52.688604849103811, 0.0 ], [ -1.667946456344008, 52.688620159755253, 0.0 ] ] } },
{ "type": "Feature", "properties": { }, "geometry": { "type": "LineString", "coordinates": [ [ -1.667964276678032, 52.688666350601196, 0.0 ], [ -1.66791656296762, 52.688645849841663, 0.0 ], [ -1.667953716124656, 52.688613920762286, 0.0 ], [ -1.668001429817439, 52.688634421507075, 0.0 ], [ -1.667964276678032, 52.688666350601196, 0.0 ] ] } },
{ "type": "Feature", "properties": { }, "geometry": { "type": "LineString", "coordinates": [ [ -1.667997305749753, 52.688634851504169, 0.0 ], [ -1.667963568993291, 52.688663844586273, 0.0 ], [ -1.667920687037161, 52.688645419847354, 0.0 ], [ -1.667954423808011, 52.688616426777301, 0.0 ], [ -1.667997305749753, 52.688634851504169, 0.0 ] ] } },
{ "type": "Feature", "properties": { }, "geometry": { "type": "LineString", "coordinates": [ [ -1.667922938185921, 52.688636478301312, 0.0 ], [ -1.667893343725481, 52.688623762671575, 0.0 ], [ -1.667911706802847, 52.688607981622901, 0.0 ], [ -1.667941301257883, 52.688620697248126, 0.0 ] ] } },
{ "type": "Feature", "properties": { }, "geometry": { "type": "LineString", "coordinates": [ [ -1.667989014810752, 52.688641197937066, 0.0 ], [ -1.668021629162539, 52.688655211054254, 0.0 ], [ -1.668003266105248, 52.688670992119718, 0.0 ], [ -1.667970651747505, 52.688656978997564, 0.0 ] ] } },
{ "type": "Feature", "properties": { }, "geometry": { "type": "LineString", "coordinates": [ [ -1.667920802944117, 52.688638313307308, 0.0 ], [ -1.667888188640808, 52.68862430016322, 0.0 ], [ -1.66791082220196, 52.688604849103811, 0.0 ], [ -1.667943436497931, 52.688618862241754, 0.0 ] ] } },
{ "type": "Feature", "properties": { }, "geometry": { "type": "LineString", "coordinates": [ [ -1.667991150049787, 52.688639362929862, 0.0 ], [ -1.668026784249283, 52.68865467355679, 0.0 ], [ -1.668004150714231, 52.688674124638041, 0.0 ], [ -1.667968516506714, 52.688658814004405, 0.0 ] ] } },
{ "type": "Feature", "properties": { }, "geometry": { "type": "LineString", "coordinates": [ [ -1.667950696312723, 52.688612623219804, 0.0 ], [ -1.667998409861136, 52.688633123905049, 0.0 ], [ -1.667961256720578, 52.688665052998253, 0.0 ], [ -1.667913543154538, 52.688644552298278, 0.0 ], [ -1.667950696312723, 52.688612623219804, 0.0 ] ] } },
{ "type": "Feature", "properties": { }, "geometry": { "type": "LineString", "coordinates": [ [ -1.667961256720578, 52.688665052998253, 0.0 ], [ -1.66795442394683, 52.688670925019501, 0.0 ], [ -1.667953216007867, 52.688670406014637, 0.0 ], [ -1.667960048781699, 52.68866453399346, 0.0 ], [ -1.667961256720578, 52.688665052998253, 0.0 ] ] } },
{ "type": "Feature", "properties": { }, "geometry": { "type": "LineString", "coordinates": [ [ -1.667952801149041, 52.68866141996444, 0.0 ], [ -1.667945968374718, 52.688667291985205, 0.0 ], [ -1.667944760435963, 52.688666772980255, 0.0 ], [ -1.667951593210367, 52.688660900959555, 0.0 ], [ -1.667952801149041, 52.68866141996444, 0.0 ] ] } },
{ "type": "Feature", "properties": { }, "geometry": { "type": "LineString", "coordinates": [ [ -1.667917667223984, 52.688644122304083, 0.0 ], [ -1.667951403995879, 52.688615129234833, 0.0 ], [ -1.667994285793543, 52.688633553902037, 0.0 ], [ -1.667960549036035, 52.688662546983323, 0.0 ], [ -1.667917667223984, 52.688644122304083, 0.0 ] ] } },
{ "type": "Feature", "properties": { }, "geometry": { "type": "LineString", "coordinates": [ [ -1.667951593210367, 52.688660900959555, 0.0 ], [ -1.667961256720578, 52.688665052998253, 0.0 ], [ -1.66795442394683, 52.688670925019501, 0.0 ], [ -1.667944760435963, 52.688666772980255, 0.0 ], [ -1.667951593210367, 52.688660900959555, 0.0 ] ] } },
{ "type": "Feature", "properties": { }, "geometry": { "type": "LineString", "coordinates": [ [ -1.66793067141115, 52.688616130004156, 0.0 ], [ -1.667922938185921, 52.688636478301312, 0.0 ] ] } },
{ "type": "Feature", "properties": { }, "geometry": { "type": "LineString", "coordinates": [ [ -1.667941301257883, 52.688620697248126, 0.0 ], [ -1.667912308337247, 52.688631911055737, 0.0 ] ] } },
{ "type": "Feature", "properties": { }, "geometry": { "type": "LineString", "coordinates": [ [ -1.667943717099774, 52.688621735289594, 0.0 ], [ -1.667968235834446, 52.688655941018531, 0.0 ] ] } },
{ "type": "Feature", "properties": { }, "geometry": { "type": "LineString", "coordinates": [ [ -1.667986598898269, 52.688640159958474, 0.0 ], [ -1.667925354028254, 52.688637516343142, 0.0 ] ] } },
{ "type": "Feature", "properties": { }, "geometry": { "type": "LineString", "coordinates": [ [ -1.667989014810752, 52.688641197937066, 0.0 ], [ -1.667980919298936, 52.68866139056739, 0.0 ] ] } },
{ "type": "Feature", "properties": { }, "geometry": { "type": "LineString", "coordinates": [ [ -1.667999282360308, 52.688645609505329, 0.0 ], [ -1.667970651747505, 52.688656978997564, 0.0 ] ] } },
{ "type": "Feature", "properties": { }, "geometry": { "type": "LineString", "coordinates": [ [ -1.667922938044478, 52.688636478240532, 0.0 ], [ -1.667893343725589, 52.688623762671618, 0.0 ], [ -1.667911706802936, 52.688607981622965, 0.0 ], [ -1.667941301116421, 52.688620697187353, 0.0 ] ] } },
{ "type": "Feature", "properties": { }, "geometry": { "type": "LineString", "coordinates": [ [ -1.667989014810773, 52.688641197937109, 0.0 ], [ -1.668021629162525, 52.688655211054261, 0.0 ], [ -1.668003266105251, 52.688670992119718, 0.0 ], [ -1.667970651747542, 52.688656978997578, 0.0 ] ] } },
{ "type": "Feature", "properties": { }, "geometry": { "type": "LineString", "coordinates": [ [ -1.667920802802676, 52.688638313246528, 0.0 ], [ -1.667888188640923, 52.688624300163269, 0.0 ], [ -1.667910822202054, 52.688604849103875, 0.0 ], [ -1.667943436356469, 52.688618862180988, 0.0 ] ] } },
{ "type": "Feature", "properties": { }, "geometry": { "type": "LineString", "coordinates": [ [ -1.667991150049807, 52.688639362929898, 0.0 ], [ -1.668026784249263, 52.688654673556805, 0.0 ], [ -1.668004150714231, 52.688674124638041, 0.0 ], [ -1.667968516506754, 52.688658814004427, 0.0 ] ] } },
{ "type": "Feature", "properties": { }, "geometry": { "type": "LineString", "coordinates": [ [ -1.667950696171254, 52.688612623159067, 0.0 ], [ -1.667998409861148, 52.688633123905092, 0.0 ], [ -1.667961256720626, 52.688665052998267, 0.0 ], [ -1.667913543013104, 52.688644552237498, 0.0 ], [ -1.667950696171254, 52.688612623159067, 0.0 ] ] } },
{ "type": "Feature", "properties": { }, "geometry": { "type": "LineString", "coordinates": [ [ -1.66791766708255, 52.688644122243318, 0.0 ], [ -1.667951403854412, 52.688615129174096, 0.0 ], [ -1.667994285793557, 52.688633553902079, 0.0 ], [ -1.66796054903608, 52.688662546983338, 0.0 ], [ -1.66791766708255, 52.688644122243318, 0.0 ] ] } },
{ "type": "Feature", "properties": { }, "geometry": { "type": "LineString", "coordinates": [ [ -1.658883495084843, 52.683689945706021, 0.0 ], [ -1.658919735539168, 52.683690049858782, 0.0 ], [ -1.658919585582894, 52.683709377260982, 0.0 ], [ -1.658883345113188, 52.683709273107951, 0.0 ] ] } },
{ "type": "Feature", "properties": { }, "geometry": { "type": "LineString", "coordinates": [ [ -1.658824916593027, 52.683709105164411, 0.0 ], [ -1.658784978113392, 52.683708990350986, 0.0 ], [ -1.658785128126771, 52.683689662949817, 0.0 ], [ -1.658825066589471, 52.683689777762929, 0.0 ] ] } },
{ "type": "Feature", "properties": { }, "geometry": { "type": "LineString", "coordinates": [ [ -1.65888351251636, 52.683687698335831, 0.0 ], [ -1.658923450974528, 52.683687813115775, 0.0 ], [ -1.658923266145693, 52.683711635262995, 0.0 ], [ -1.658883327666447, 52.683711520482731, 0.0 ] ] } },
{ "type": "Feature", "properties": { }, "geometry": { "type": "LineString", "coordinates": [ [ -1.658824899143225, 52.683711352539198, 0.0 ], [ -1.658781262653943, 52.683711227094228, 0.0 ], [ -1.658781447557696, 52.683687404948145, 0.0 ], [ -1.658825084023964, 52.68368753039276, 0.0 ] ] } },
{ "type": "Feature", "properties": { }, "geometry": { "type": "LineString", "coordinates": [ [ -1.658883268347509, 52.683719161556979, 0.0 ], [ -1.65882483981388, 52.683718993613446, 0.0 ], [ -1.658825143300947, 52.68367988936987, 0.0 ], [ -1.658883571783222, 52.683680057312849, 0.0 ], [ -1.658883268347509, 52.683719161556979, 0.0 ] ] } },
{ "type": "Feature", "properties": { }, "geometry": { "type": "LineString", "coordinates": [ [ -1.658825143300947, 52.68367988936987, 0.0 ], [ -1.658825199091285, 52.683672697785312, 0.0 ], [ -1.65882667829304, 52.683672702037377, 0.0 ], [ -1.658826622502943, 52.683679893621942, 0.0 ], [ -1.658825143300947, 52.68367988936987, 0.0 ] ] } },
{ "type": "Feature", "properties": { }, "geometry": { "type": "LineString", "coordinates": [ [ -1.658835497714926, 52.683679919134008, 0.0 ], [ -1.658835553503575, 52.683672727549443, 0.0 ], [ -1.658837032705332, 52.683672731801387, 0.0 ], [ -1.658836976916924, 52.683679923385959, 0.0 ], [ -1.658835497714926, 52.683679919134008, 0.0 ] ] } },
{ "type": "Feature", "properties": { }, "geometry": { "type": "LineString", "coordinates": [ [ -1.658880599433874, 52.683681846706264, 0.0 ], [ -1.658880323898412, 52.683717355154371, 0.0 ], [ -1.658827812180196, 52.683717204217793, 0.0 ], [ -1.658828087757472, 52.683681695770147, 0.0 ], [ -1.658880599433874, 52.683681846706264, 0.0 ] ] } },
{ "type": "Feature", "properties": { }, "geometry": { "type": "LineString", "coordinates": [ [ -1.658836976916924, 52.683679923385959, 0.0 ], [ -1.658825143300947, 52.68367988936987, 0.0 ], [ -1.658825199091285, 52.683672697785312, 0.0 ], [ -1.658837032705332, 52.683672731801387, 0.0 ], [ -1.658836976916924, 52.683679923385959, 0.0 ] ] } },
{ "type": "Feature", "properties": { }, "geometry": { "type": "LineString", "coordinates": [ [ -1.658896362097754, 52.683709310519291, 0.0 ], [ -1.658883495084843, 52.683689945706021, 0.0 ] ] } },
{ "type": "Feature", "properties": { }, "geometry": { "type": "LineString", "coordinates": [ [ -1.658883345113188, 52.683709273107951, 0.0 ], [ -1.658896512063885, 52.683689983117269, 0.0 ] ] } },
{ "type": "Feature", "properties": { }, "geometry": { "type": "LineString", "coordinates": [ [ -1.658880386704542, 52.683709264567888, 0.0 ], [ -1.658828024994577, 52.683689786229792, 0.0 ] ] } },
{ "type": "Feature", "properties": { }, "geometry": { "type": "LineString", "coordinates": [ [ -1.658827874999227, 52.683709113631295, 0.0 ], [ -1.658880536677452, 52.68368993716598, 0.0 ] ] } },
{ "type": "Feature", "properties": { }, "geometry": { "type": "LineString", "coordinates": [ [ -1.658824916593027, 52.683709105164411, 0.0 ], [ -1.658812493283077, 52.683689741619268, 0.0 ] ] } },
{ "type": "Feature", "properties": { }, "geometry": { "type": "LineString", "coordinates": [ [ -1.658812343281302, 52.683709069020651, 0.0 ], [ -1.658825066589471, 52.683689777762929, 0.0 ] ] } },
{ "type": "Feature", "properties": { }, "geometry": { "type": "LineString", "coordinates": [ [ -1.658883495258047, 52.683689945706519, 0.0 ], [ -1.658919735539034, 52.683690049858775, 0.0 ], [ -1.65891958558276, 52.683709377260953, 0.0 ], [ -1.658883345286392, 52.683709273108434, 0.0 ] ] } },
{ "type": "Feature", "properties": { }, "geometry": { "type": "LineString", "coordinates": [ [ -1.658824916592978, 52.68370910516439, 0.0 ], [ -1.658784978113385, 52.683708990350972, 0.0 ], [ -1.658785128126764, 52.683689662949817, 0.0 ], [ -1.658825066589422, 52.683689777762922, 0.0 ] ] } },
{ "type": "Feature", "properties": { }, "geometry": { "type": "LineString", "coordinates": [ [ -1.658883512689564, 52.683687698336321, 0.0 ], [ -1.658923450974387, 52.683687813115775, 0.0 ], [ -1.658923266145552, 52.683711635262959, 0.0 ], [ -1.658883327839651, 52.683711520483207, 0.0 ] ] } },
{ "type": "Feature", "properties": { }, "geometry": { "type": "LineString", "coordinates": [ [ -1.658824899143176, 52.68371135253917, 0.0 ], [ -1.658781262653944, 52.6837112270942, 0.0 ], [ -1.658781447557696, 52.683687404948145, 0.0 ], [ -1.658825084023915, 52.68368753039276, 0.0 ] ] } },
{ "type": "Feature", "properties": { }, "geometry": { "type": "LineString", "coordinates": [ [ -1.658883268520714, 52.683719161557434, 0.0 ], [ -1.658824839813831, 52.683718993613432, 0.0 ], [ -1.658825143300898, 52.683679889369877, 0.0 ], [ -1.658883571956426, 52.683680057313353, 0.0 ], [ -1.658883268520714, 52.683719161557434, 0.0 ] ] } },
{ "type": "Feature", "properties": { }, "geometry": { "type": "LineString", "coordinates": [ [ -1.658880599607078, 52.683681846706762, 0.0 ], [ -1.658880324071617, 52.683717355154833, 0.0 ], [ -1.658827812180147, 52.683717204217764, 0.0 ], [ -1.658828087757423, 52.683681695770147, 0.0 ], [ -1.658880599607078, 52.683681846706762, 0.0 ] ] } },
{ "type": "Feature", "properties": { }, "geometry": { "type": "LineString", "coordinates": [ [ -1.658821218582482, 52.683709094534088, 0.0 ], [ -1.658784978113392, 52.683708990350986, 0.0 ], [ -1.658785128126771, 52.683689662949817, 0.0 ], [ -1.658821368580494, 52.683689767132648, 0.0 ] ] } },
{ "type": "Feature", "properties": { }, "geometry": { "type": "LineString", "coordinates": [ [ -1.65887979707583, 52.68368993507756, 0.0 ], [ -1.658919735539168, 52.683690049858782, 0.0 ], [ -1.658919585582894, 52.683709377260982, 0.0 ], [ -1.658879647102605, 52.683709262479454, 0.0 ] ] } },
{ "type": "Feature", "properties": { }, "geometry": { "type": "LineString", "coordinates": [ [ -1.658821201132486, 52.683711341908882, 0.0 ], [ -1.658781262653943, 52.683711227094228, 0.0 ], [ -1.658781447557696, 52.683687404948145, 0.0 ], [ -1.658821386015176, 52.683687519762465, 0.0 ] ] } },
{ "type": "Feature", "properties": { }, "geometry": { "type": "LineString", "coordinates": [ [ -1.658879814507535, 52.683687687707362, 0.0 ], [ -1.658923450974528, 52.683687813115775, 0.0 ], [ -1.658923266145693, 52.683711635262995, 0.0 ], [ -1.65887962965567, 52.683711509854234, 0.0 ] ] } },
{ "type": "Feature", "properties": { }, "geometry": { "type": "LineString", "coordinates": [ [ -1.658821445293076, 52.683679878703884, 0.0 ], [ -1.658879873775314, 52.683680046648689, 0.0 ], [ -1.658879570336352, 52.68371915089277, 0.0 ], [ -1.658821141802759, 52.683718982947433, 0.0 ], [ -1.658821445293076, 52.683679878703884, 0.0 ] ] } },
{ "type": "Feature", "properties": { }, "geometry": { "type": "LineString", "coordinates": [ [ -1.658879570336352, 52.68371915089277, 0.0 ], [ -1.658879514506119, 52.683726342492029, 0.0 ], [ -1.658878035302561, 52.683726338240618, 0.0 ], [ -1.658878091133042, 52.683719146641351, 0.0 ], [ -1.658879570336352, 52.68371915089277, 0.0 ] ] } },
{ "type": "Feature", "properties": { }, "geometry": { "type": "LineString", "coordinates": [ [ -1.658869215913194, 52.683719121132405, 0.0 ], [ -1.658869160081225, 52.683726312731686, 0.0 ], [ -1.658867680877671, 52.683726308480125, 0.0 ], [ -1.658867736709887, 52.683719116880852, 0.0 ], [ -1.658869215913194, 52.683719121132405, 0.0 ] ] } },
{ "type": "Feature", "properties": { }, "geometry": { "type": "LineString", "coordinates": [ [ -1.658824114169229, 52.683717193551871, 0.0 ], [ -1.658824389749448, 52.683681685104254, 0.0 ], [ -1.658876901425818, 52.683681836042005, 0.0 ], [ -1.658876625887412, 52.683717344490084, 0.0 ], [ -1.658824114169229, 52.683717193551871, 0.0 ] ] } },
{ "type": "Feature", "properties": { }, "geometry": { "type": "LineString", "coordinates": [ [ -1.658867736709887, 52.683719116880852, 0.0 ], [ -1.658879570336352, 52.68371915089277, 0.0 ], [ -1.658879514506119, 52.683726342492029, 0.0 ], [ -1.658867680877671, 52.683726308480125, 0.0 ], [ -1.658867736709887, 52.683719116880852, 0.0 ] ] } },
{ "type": "Feature", "properties": { }, "geometry": { "type": "LineString", "coordinates": [ [ -1.658808351601617, 52.683689729713151, 0.0 ], [ -1.658821218582482, 52.683709094534088, 0.0 ] ] } },
{ "type": "Feature", "properties": { }, "geometry": { "type": "LineString", "coordinates": [ [ -1.658821368580494, 52.683689767132648, 0.0 ], [ -1.658808201598085, 52.683709057114498, 0.0 ] ] } },
{ "type": "Feature", "properties": { }, "geometry": { "type": "LineString", "coordinates": [ [ -1.658824326987855, 52.683689775674175, 0.0 ], [ -1.658876688696217, 52.683709254013891, 0.0 ] ] } },
{ "type": "Feature", "properties": { }, "geometry": { "type": "LineString", "coordinates": [ [ -1.658876838670859, 52.683689926611997, 0.0 ], [ -1.658824176991098, 52.683709103075657, 0.0 ] ] } },
{ "type": "Feature", "properties": { }, "geometry": { "type": "LineString", "coordinates": [ [ -1.65887979707583, 52.68368993507756, 0.0 ], [ -1.658892220414477, 52.683709298616087, 0.0 ] ] } },
{ "type": "Feature", "properties": { }, "geometry": { "type": "LineString", "coordinates": [ [ -1.658892370382366, 52.683689971214086, 0.0 ], [ -1.658879647102605, 52.683709262479454, 0.0 ] ] } },
{ "type": "Feature", "properties": { }, "geometry": { "type": "LineString", "coordinates": [ [ -1.658821218409278, 52.683709094533604, 0.0 ], [ -1.658784978113526, 52.683708990350993, 0.0 ], [ -1.658785128126905, 52.683689662949845, 0.0 ], [ -1.65882136840729, 52.683689767132172, 0.0 ] ] } },
{ "type": "Feature", "properties": { }, "geometry": { "type": "LineString", "coordinates": [ [ -1.658879797075879, 52.683689935077588, 0.0 ], [ -1.658919735539175, 52.683690049858797, 0.0 ], [ -1.658919585582901, 52.683709377260989, 0.0 ], [ -1.658879647102654, 52.683709262479468, 0.0 ] ] } },
{ "type": "Feature", "properties": { }, "geometry": { "type": "LineString", "coordinates": [ [ -1.658821200959282, 52.683711341908385, 0.0 ], [ -1.658781262654085, 52.683711227094228, 0.0 ], [ -1.658781447557837, 52.683687404948166, 0.0 ], [ -1.658821385841972, 52.683687519761996, 0.0 ] ] } },
{ "type": "Feature", "properties": { }, "geometry": { "type": "LineString", "coordinates": [ [ -1.658879814507584, 52.683687687707391, 0.0 ], [ -1.658923450974528, 52.683687813115796, 0.0 ], [ -1.658923266145693, 52.683711635262995, 0.0 ], [ -1.65887962965572, 52.683711509854234, 0.0 ] ] } },
{ "type": "Feature", "properties": { }, "geometry": { "type": "LineString", "coordinates": [ [ -1.658821445119872, 52.683679878703408, 0.0 ], [ -1.658879873775363, 52.683680046648711, 0.0 ], [ -1.658879570336401, 52.68371915089277, 0.0 ], [ -1.658821141629555, 52.683718982946935, 0.0 ], [ -1.658821445119872, 52.683679878703408, 0.0 ] ] } },
{ "type": "Feature", "properties": { }, "geometry": { "type": "LineString", "coordinates": [ [ -1.658824113996024, 52.683717193551374, 0.0 ], [ -1.658824389576244, 52.683681685103785, 0.0 ], [ -1.658876901425867, 52.683681836042034, 0.0 ], [ -1.658876625887461, 52.683717344490084, 0.0 ], [ -1.658824113996024, 52.683717193551374, 0.0 ] ] } },
{ "type": "Feature", "properties": { }, "geometry": { "type": "LineString", "coordinates": [ [ -1.657489901070935, 52.685172444278763, 0.0 ], [ -1.657526142771584, 52.685172548851511, 0.0 ], [ -1.657525992109808, 52.685191876271205, 0.0 ], [ -1.657489750392828, 52.685191771698484, 0.0 ] ] } },
{ "type": "Feature", "properties": { }, "geometry": { "type": "LineString", "coordinates": [ [ -1.65743131986176, 52.685191603078302, 0.0 ], [ -1.657391380007581, 52.685191487802371, 0.0 ], [ -1.657391530730014, 52.685172160382535, 0.0 ], [ -1.657431470566196, 52.685172275658516, 0.0 ] ] } },
{ "type": "Feature", "properties": { }, "geometry": { "type": "LineString", "coordinates": [ [ -1.657489918591634, 52.685170196904373, 0.0 ], [ -1.657529858423245, 52.685170312147193, 0.0 ], [ -1.6575296727259, 52.685194134315644, 0.0 ], [ -1.657489732872107, 52.685194019072874, 0.0 ] ] } },
{ "type": "Feature", "properties": { }, "geometry": { "type": "LineString", "coordinates": [ [ -1.657431302337977, 52.685193850452698, 0.0 ], [ -1.657387664346879, 52.685193724502376, 0.0 ], [ -1.657387850123094, 52.685169902333747, 0.0 ], [ -1.657431488089956, 52.685170028284119, 0.0 ] ] } },
{ "type": "Feature", "properties": { }, "geometry": { "type": "LineString", "coordinates": [ [ -1.657489673301635, 52.685201660145779, 0.0 ], [ -1.657431242757096, 52.685201491525618, 0.0 ], [ -1.657431547670444, 52.685162387246855, 0.0 ], [ -1.657489978161713, 52.685162555867137, 0.0 ], [ -1.657489673301635, 52.685201660145779, 0.0 ] ] } },
{ "type": "Feature", "properties": { }, "geometry": { "type": "LineString", "coordinates": [ [ -1.657431547670444, 52.685162387246855, 0.0 ], [ -1.657431603746435, 52.685155195648768, 0.0 ], [ -1.657433082999044, 52.685155199917986, 0.0 ], [ -1.657433026923301, 52.685162391516073, 0.0 ], [ -1.657431547670444, 52.685162387246855, 0.0 ] ] } },
{ "type": "Feature", "properties": { }, "geometry": { "type": "LineString", "coordinates": [ [ -1.657441902440446, 52.685162417131032, 0.0 ], [ -1.657441958514701, 52.685155225532945, 0.0 ], [ -1.657443437767311, 52.685155229802028, 0.0 ], [ -1.657443381693304, 52.685162421400136, 0.0 ], [ -1.657441902440446, 52.685162417131032, 0.0 ] ] } },
{ "type": "Feature", "properties": { }, "geometry": { "type": "LineString", "coordinates": [ [ -1.657487005639296, 52.685164345229602, 0.0 ], [ -1.657486728809905, 52.685199853709236, 0.0 ], [ -1.657434215284416, 52.685199702164532, 0.0 ], [ -1.65743449215728, 52.685164193684798, 0.0 ], [ -1.657487005639296, 52.685164345229602, 0.0 ] ] } },
{ "type": "Feature", "properties": { }, "geometry": { "type": "LineString", "coordinates": [ [ -1.657443381693304, 52.685162421400136, 0.0 ], [ -1.657431547670444, 52.685162387246855, 0.0 ], [ -1.657431603746435, 52.685155195648768, 0.0 ], [ -1.657443437767311, 52.685155229802028, 0.0 ], [ -1.657443381693304, 52.685162421400136, 0.0 ] ] } },
{ "type": "Feature", "properties": { }, "geometry": { "type": "LineString", "coordinates": [ [ -1.657502767825394, 52.685191809260587, 0.0 ], [ -1.657489901070935, 52.685172444278763, 0.0 ] ] } },
{ "type": "Feature", "properties": { }, "geometry": { "type": "LineString", "coordinates": [ [ -1.657489750392828, 52.685191771698484, 0.0 ], [ -1.657502918497636, 52.685172481840851, 0.0 ] ] } },
{ "type": "Feature", "properties": { }, "geometry": { "type": "LineString", "coordinates": [ [ -1.657486791882365, 52.685191763124166, 0.0 ], [ -1.657434429073043, 52.685172284159663, 0.0 ] ] } },
{ "type": "Feature", "properties": { }, "geometry": { "type": "LineString", "coordinates": [ [ -1.657434278369778, 52.685191611579441, 0.0 ], [ -1.657486942561805, 52.685172435704423, 0.0 ] ] } },
{ "type": "Feature", "properties": { }, "geometry": { "type": "LineString", "coordinates": [ [ -1.65743131986176, 52.685191603078302, 0.0 ], [ -1.657418896827406, 52.685172239369123, 0.0 ] ] } },
{ "type": "Feature", "properties": { }, "geometry": { "type": "LineString", "coordinates": [ [ -1.657418746117304, 52.685191566788937, 0.0 ], [ -1.657431470566196, 52.685172275658516, 0.0 ] ] } },
{ "type": "Feature", "properties": { }, "geometry": { "type": "LineString", "coordinates": [ [ -1.657489901244145, 52.68517244427926, 0.0 ], [ -1.65752614277145, 52.685172548851511, 0.0 ], [ -1.657525992109673, 52.68519187627119, 0.0 ], [ -1.657489750566038, 52.685191771698975, 0.0 ] ] } },
{ "type": "Feature", "properties": { }, "geometry": { "type": "LineString", "coordinates": [ [ -1.657431319861711, 52.685191603078287, 0.0 ], [ -1.657391380007574, 52.685191487802356, 0.0 ], [ -1.657391530730007, 52.685172160382535, 0.0 ], [ -1.657431470566146, 52.685172275658516, 0.0 ] ] } },
{ "type": "Feature", "properties": { }, "geometry": { "type": "LineString", "coordinates": [ [ -1.657489918764844, 52.68517019690487, 0.0 ], [ -1.657529858423103, 52.685170312147193, 0.0 ], [ -1.657529672725758, 52.685194134315623, 0.0 ], [ -1.657489733045317, 52.68519401907335, 0.0 ] ] } },
{ "type": "Feature", "properties": { }, "geometry": { "type": "LineString", "coordinates": [ [ -1.657431302337928, 52.685193850452677, 0.0 ], [ -1.657387664346879, 52.685193724502369, 0.0 ], [ -1.657387850123094, 52.685169902333747, 0.0 ], [ -1.657431488089907, 52.685170028284119, 0.0 ] ] } },
{ "type": "Feature", "properties": { }, "geometry": { "type": "LineString", "coordinates": [ [ -1.657489673474846, 52.685201660146255, 0.0 ], [ -1.657431242757047, 52.685201491525596, 0.0 ], [ -1.657431547670395, 52.685162387246862, 0.0 ], [ -1.657489978334923, 52.685162555867642, 0.0 ], [ -1.657489673474846, 52.685201660146255, 0.0 ] ] } },
{ "type": "Feature", "properties": { }, "geometry": { "type": "LineString", "coordinates": [ [ -1.657487005812506, 52.685164345230113, 0.0 ], [ -1.657486728983115, 52.685199853709712, 0.0 ], [ -1.657434215284367, 52.685199702164503, 0.0 ], [ -1.657434492157231, 52.685164193684805, 0.0 ], [ -1.657487005812506, 52.685164345230113, 0.0 ] ] } },
{ "type": "Feature", "properties": { }, "geometry": { "type": "LineString", "coordinates": [ [ -1.657427621723942, 52.685191592405161, 0.0 ], [ -1.657391380007581, 52.685191487802371, 0.0 ], [ -1.657391530730014, 52.685172160382535, 0.0 ], [ -1.657427772430044, 52.685172264985368, 0.0 ] ] } },
{ "type": "Feature", "properties": { }, "geometry": { "type": "LineString", "coordinates": [ [ -1.657486202934746, 52.685172433607434, 0.0 ], [ -1.657526142771584, 52.685172548851511, 0.0 ], [ -1.657525992109808, 52.685191876271205, 0.0 ], [ -1.657486052254973, 52.685191761027177, 0.0 ] ] } },
{ "type": "Feature", "properties": { }, "geometry": { "type": "LineString", "coordinates": [ [ -1.657427604199965, 52.685193839779551, 0.0 ], [ -1.657387664346879, 52.685193724502376, 0.0 ], [ -1.657387850123094, 52.685169902333747, 0.0 ], [ -1.657427789953998, 52.685170017610957, 0.0 ] ] } },
{ "type": "Feature", "properties": { }, "geometry": { "type": "LineString", "coordinates": [ [ -1.657486220455639, 52.685170186233037, 0.0 ], [ -1.657529858423245, 52.685170312147193, 0.0 ], [ -1.6575296727259, 52.685194134315644, 0.0 ], [ -1.657486034734057, 52.68519400840156, 0.0 ] ] } },
{ "type": "Feature", "properties": { }, "geometry": { "type": "LineString", "coordinates": [ [ -1.657427849535424, 52.685162376537995, 0.0 ], [ -1.657486280026656, 52.685162545160104, 0.0 ], [ -1.657485975163206, 52.68520164943876, 0.0 ], [ -1.657427544618704, 52.685201480816787, 0.0 ], [ -1.657427849535424, 52.685162376537995, 0.0 ] ] } },
{ "type": "Feature", "properties": { }, "geometry": { "type": "LineString", "coordinates": [ [ -1.657485975163206, 52.68520164943876, 0.0 ], [ -1.657485919096235, 52.685208841036776, 0.0 ], [ -1.657484439841768, 52.685208836768226, 0.0 ], [ -1.657484495908987, 52.685201645170203, 0.0 ], [ -1.657485975163206, 52.68520164943876, 0.0 ] ] } },
{ "type": "Feature", "properties": { }, "geometry": { "type": "LineString", "coordinates": [ [ -1.657475620383684, 52.685201619558491, 0.0 ], [ -1.657475564314977, 52.685208811156514, 0.0 ], [ -1.657474085060514, 52.685208806887829, 0.0 ], [ -1.657474141129469, 52.685201615289806, 0.0 ], [ -1.657475620383684, 52.685201619558491, 0.0 ] ] } },
{ "type": "Feature", "properties": { }, "geometry": { "type": "LineString", "coordinates": [ [ -1.657430517146177, 52.685199691455779, 0.0 ], [ -1.657430794022102, 52.685164182976045, 0.0 ], [ -1.657483307504084, 52.685164334522497, 0.0 ], [ -1.657483030671632, 52.685199843002131, 0.0 ], [ -1.657430517146177, 52.685199691455779, 0.0 ] ] } },
{ "type": "Feature", "properties": { }, "geometry": { "type": "LineString", "coordinates": [ [ -1.657474141129469, 52.685201615289806, 0.0 ], [ -1.657485975163206, 52.68520164943876, 0.0 ], [ -1.657485919096235, 52.685208841036776, 0.0 ], [ -1.657474085060514, 52.685208806887829, 0.0 ], [ -1.657474141129469, 52.685201615289806, 0.0 ] ] } },
{ "type": "Feature", "properties": { }, "geometry": { "type": "LineString", "coordinates": [ [ -1.657414755003513, 52.685172227415009, 0.0 ], [ -1.657427621723942, 52.685191592405161, 0.0 ] ] } },
{ "type": "Feature", "properties": { }, "geometry": { "type": "LineString", "coordinates": [ [ -1.657427772430044, 52.685172264985368, 0.0 ], [ -1.657414604291545, 52.685191554834823, 0.0 ] ] } },
{ "type": "Feature", "properties": { }, "geometry": { "type": "LineString", "coordinates": [ [ -1.657430730939144, 52.685172273561179, 0.0 ], [ -1.657483093746765, 52.685191752527331, 0.0 ] ] } },
{ "type": "Feature", "properties": { }, "geometry": { "type": "LineString", "coordinates": [ [ -1.657483244428034, 52.685172425107581, 0.0 ], [ -1.657430580234374, 52.685191600980978, 0.0 ] ] } },
{ "type": "Feature", "properties": { }, "geometry": { "type": "LineString", "coordinates": [ [ -1.657486202934746, 52.685172433607434, 0.0 ], [ -1.657498625999575, 52.6851917973094, 0.0 ] ] } },
{ "type": "Feature", "properties": { }, "geometry": { "type": "LineString", "coordinates": [ [ -1.657498776673683, 52.685172469889672, 0.0 ], [ -1.657486052254973, 52.685191761027177, 0.0 ] ] } },
{ "type": "Feature", "properties": { }, "geometry": { "type": "LineString", "coordinates": [ [ -1.657427621550732, 52.685191592404664, 0.0 ], [ -1.657391380007715, 52.685191487802371, 0.0 ], [ -1.657391530730148, 52.685172160382557, 0.0 ], [ -1.657427772256834, 52.685172264984878, 0.0 ] ] } },
{ "type": "Feature", "properties": { }, "geometry": { "type": "LineString", "coordinates": [ [ -1.657486202934795, 52.685172433607448, 0.0 ], [ -1.657526142771591, 52.685172548851533, 0.0 ], [ -1.657525992109814, 52.685191876271205, 0.0 ], [ -1.657486052255022, 52.685191761027177, 0.0 ] ] } },
{ "type": "Feature", "properties": { }, "geometry": { "type": "LineString", "coordinates": [ [ -1.657427604026755, 52.685193839779053, 0.0 ], [ -1.65738766434702, 52.685193724502376, 0.0 ], [ -1.657387850123236, 52.685169902333769, 0.0 ], [ -1.657427789780788, 52.685170017610481, 0.0 ] ] } },
{ "type": "Feature", "properties": { }, "geometry": { "type": "LineString", "coordinates": [ [ -1.657486220455687, 52.685170186233066, 0.0 ], [ -1.657529858423245, 52.685170312147207, 0.0 ], [ -1.6575296727259, 52.685194134315644, 0.0 ], [ -1.657486034734106, 52.68519400840156, 0.0 ] ] } },
{ "type": "Feature", "properties": { }, "geometry": { "type": "LineString", "coordinates": [ [ -1.657427849362214, 52.685162376537527, 0.0 ], [ -1.657486280026704, 52.685162545160132, 0.0 ], [ -1.657485975163255, 52.68520164943876, 0.0 ], [ -1.657427544445494, 52.685201480816275, 0.0 ], [ -1.657427849362214, 52.685162376537527, 0.0 ] ] } },
{ "type": "Feature", "properties": { }, "geometry": { "type": "LineString", "coordinates": [ [ -1.657430516972967, 52.685199691455281, 0.0 ], [ -1.657430793848892, 52.685164182975569, 0.0 ], [ -1.657483307504133, 52.685164334522518, 0.0 ], [ -1.657483030671681, 52.685199843002117, 0.0 ], [ -1.657430516972967, 52.685199691455281, 0.0 ] ] } },
{ "type": "Feature", "properties": { }, "geometry": { "type": "LineString", "coordinates": [ [ -1.66085094456986, 52.686931626028937, 0.0 ], [ -1.660887187769913, 52.686931729566325, 0.0 ], [ -1.660887038612951, 52.686951056976817, 0.0 ], [ -1.660850795396566, 52.686950953439457, 0.0 ] ] } },
{ "type": "Feature", "properties": { }, "geometry": { "type": "LineString", "coordinates": [ [ -1.660792362448083, 52.686950786488524, 0.0 ], [ -1.660752420941491, 52.686950672353582, 0.0 ], [ -1.660752570159116, 52.686931344942955, 0.0 ], [ -1.660792511647709, 52.686931459077925, 0.0 ] ] } },
{ "type": "Feature", "properties": { }, "geometry": { "type": "LineString", "coordinates": [ [ -1.660850961915581, 52.686929378655606, 0.0 ], [ -1.660890903399596, 52.686929492757422, 0.0 ], [ -1.660890719557022, 52.68695331491454, 0.0 ], [ -1.660850778050823, 52.686953200812781, 0.0 ] ] } },
{ "type": "Feature", "properties": { }, "geometry": { "type": "LineString", "coordinates": [ [ -1.660792345099278, 52.68695303386184, 0.0 ], [ -1.660748705302766, 52.686952909158194, 0.0 ], [ -1.660748889224218, 52.686929087000877, 0.0 ], [ -1.660792528996492, 52.686929211704602, 0.0 ] ] } },
{ "type": "Feature", "properties": { }, "geometry": { "type": "LineString", "coordinates": [ [ -1.660850719075278, 52.686960841882041, 0.0 ], [ -1.660792286113324, 52.686960674931129, 0.0 ], [ -1.660792587982058, 52.686921570670982, 0.0 ], [ -1.660851020890737, 52.686921737622008, 0.0 ], [ -1.660850719075278, 52.686960841882041, 0.0 ] ] } },
{ "type": "Feature", "properties": { }, "geometry": { "type": "LineString", "coordinates": [ [ -1.660792587982058, 52.686921570670982, 0.0 ], [ -1.660792643498121, 52.686914379076313, 0.0 ], [ -1.66079412281193, 52.686914383303282, 0.0 ], [ -1.660794067296115, 52.686921574897937, 0.0 ], [ -1.660792587982058, 52.686921570670982, 0.0 ] ] } },
{ "type": "Feature", "properties": { }, "geometry": { "type": "LineString", "coordinates": [ [ -1.660802943180462, 52.686921600259332, 0.0 ], [ -1.660802998694788, 52.686914408664677, 0.0 ], [ -1.660804478008599, 52.686914412891511, 0.0 ], [ -1.660804422494521, 52.686921604486166, 0.0 ], [ -1.660802943180462, 52.686921600259332, 0.0 ] ] } },
{ "type": "Feature", "properties": { }, "geometry": { "type": "LineString", "coordinates": [ [ -1.660848048385902, 52.686923527068146, 0.0 ], [ -1.660847774321164, 52.686959035530876, 0.0 ], [ -1.660795258623061, 52.686958885486384, 0.0 ], [ -1.660795532731277, 52.686923377023554, 0.0 ], [ -1.660848048385902, 52.686923527068146, 0.0 ] ] } },
{ "type": "Feature", "properties": { }, "geometry": { "type": "LineString", "coordinates": [ [ -1.660804422494521, 52.686921604486166, 0.0 ], [ -1.660792587982058, 52.686921570670982, 0.0 ], [ -1.660792643498121, 52.686914379076313, 0.0 ], [ -1.660804478008599, 52.686914412891511, 0.0 ], [ -1.660804422494521, 52.686921604486166, 0.0 ] ] } },
{ "type": "Feature", "properties": { }, "geometry": { "type": "LineString", "coordinates": [ [ -1.660863813367695, 52.686950990629654, 0.0 ], [ -1.66085094456986, 52.686931626028937, 0.0 ] ] } },
{ "type": "Feature", "properties": { }, "geometry": { "type": "LineString", "coordinates": [ [ -1.660850795396566, 52.686950953439457, 0.0 ], [ -1.660863962535122, 52.686931663219141, 0.0 ] ] } },
{ "type": "Feature", "properties": { }, "geometry": { "type": "LineString", "coordinates": [ [ -1.660847836763699, 52.686950944949643, 0.0 ], [ -1.660795470276955, 52.686931467494553, 0.0 ] ] } },
{ "type": "Feature", "properties": { }, "geometry": { "type": "LineString", "coordinates": [ [ -1.6607953210785, 52.686950794905144, 0.0 ], [ -1.660847985938326, 52.686931617539116, 0.0 ] ] } },
{ "type": "Feature", "properties": { }, "geometry": { "type": "LineString", "coordinates": [ [ -1.660792362448083, 52.686950786488524, 0.0 ], [ -1.660779937388712, 52.686931423147755, 0.0 ] ] } },
{ "type": "Feature", "properties": { }, "geometry": { "type": "LineString", "coordinates": [ [ -1.66077978818342, 52.68695075055836, 0.0 ], [ -1.660792511647709, 52.686931459077925, 0.0 ] ] } },
{ "type": "Feature", "properties": { }, "geometry": { "type": "LineString", "coordinates": [ [ -1.660850944743077, 52.686931626029413, 0.0 ], [ -1.660887187769779, 52.686931729566318, 0.0 ], [ -1.660887038612817, 52.686951056976795, 0.0 ], [ -1.660850795569783, 52.686950953439933, 0.0 ] ] } },
{ "type": "Feature", "properties": { }, "geometry": { "type": "LineString", "coordinates": [ [ -1.660792362448034, 52.686950786488509, 0.0 ], [ -1.660752420941485, 52.686950672353575, 0.0 ], [ -1.660752570159109, 52.686931344942941, 0.0 ], [ -1.66079251164766, 52.686931459077918, 0.0 ] ] } },
{ "type": "Feature", "properties": { }, "geometry": { "type": "LineString", "coordinates": [ [ -1.660850962088798, 52.686929378656096, 0.0 ], [ -1.660890903399454, 52.686929492757422, 0.0 ], [ -1.660890719556881, 52.686953314914511, 0.0 ], [ -1.66085077822404, 52.68695320081325, 0.0 ] ] } },
{ "type": "Feature", "properties": { }, "geometry": { "type": "LineString", "coordinates": [ [ -1.660792345099229, 52.686953033861819, 0.0 ], [ -1.660748705302766, 52.686952909158173, 0.0 ], [ -1.660748889224218, 52.686929087000877, 0.0 ], [ -1.660792528996442, 52.686929211704602, 0.0 ] ] } },
{ "type": "Feature", "properties": { }, "geometry": { "type": "LineString", "coordinates": [ [ -1.660850719248496, 52.686960841882509, 0.0 ], [ -1.660792286113275, 52.6869606749311, 0.0 ], [ -1.660792587982009, 52.686921570670982, 0.0 ], [ -1.660851021063955, 52.686921737622527, 0.0 ], [ -1.660850719248496, 52.686960841882509, 0.0 ] ] } },
{ "type": "Feature", "properties": { }, "geometry": { "type": "LineString", "coordinates": [ [ -1.660848048559119, 52.686923527068643, 0.0 ], [ -1.660847774494382, 52.686959035531338, 0.0 ], [ -1.660795258623012, 52.686958885486348, 0.0 ], [ -1.660795532731228, 52.686923377023554, 0.0 ], [ -1.660848048559119, 52.686923527068643, 0.0 ] ] } },
{ "type": "Feature", "properties": { }, "geometry": { "type": "LineString", "coordinates": [ [ -1.660788664157264, 52.686950775921034, 0.0 ], [ -1.660752420941491, 52.686950672353582, 0.0 ], [ -1.660752570159116, 52.686931344942955, 0.0 ], [ -1.660788813358557, 52.686931448510435, 0.0 ] ] } },
{ "type": "Feature", "properties": { }, "geometry": { "type": "LineString", "coordinates": [ [ -1.66084724628067, 52.686931615463251, 0.0 ], [ -1.660887187769913, 52.686931729566325, 0.0 ], [ -1.660887038612951, 52.686951056976817, 0.0 ], [ -1.66084709710571, 52.686950942873786, 0.0 ] ] } },
{ "type": "Feature", "properties": { }, "geometry": { "type": "LineString", "coordinates": [ [ -1.660788646808266, 52.686953023294357, 0.0 ], [ -1.660748705302766, 52.686952909158194, 0.0 ], [ -1.660748889224218, 52.686929087000877, 0.0 ], [ -1.660788830707533, 52.686929201137097, 0.0 ] ] } },
{ "type": "Feature", "properties": { }, "geometry": { "type": "LineString", "coordinates": [ [ -1.660847263626585, 52.686929368089928, 0.0 ], [ -1.660890903399596, 52.686929492757422, 0.0 ], [ -1.660890719557022, 52.68695331491454, 0.0 ], [ -1.660847079759773, 52.686953190247095, 0.0 ] ] } },
{ "type": "Feature", "properties": { }, "geometry": { "type": "LineString", "coordinates": [ [ -1.660788889694034, 52.686921560067788, 0.0 ], [ -1.660847322602676, 52.686921727020625, 0.0 ], [ -1.660847020783845, 52.686960831280672, 0.0 ], [ -1.660788587821928, 52.686960664327934, 0.0 ], [ -1.660788889694034, 52.686921560067788, 0.0 ] ] } },
{ "type": "Feature", "properties": { }, "geometry": { "type": "LineString", "coordinates": [ [ -1.660847020783845, 52.686960831280672, 0.0 ], [ -1.660846965276805, 52.686968022875263, 0.0 ], [ -1.660845485961138, 52.686968018648962, 0.0 ], [ -1.660845541468426, 52.686960827054364, 0.0 ], [ -1.660847020783845, 52.686960831280672, 0.0 ] ] } },
{ "type": "Feature", "properties": { }, "geometry": { "type": "LineString", "coordinates": [ [ -1.660836665575921, 52.686960801696216, 0.0 ], [ -1.660836610067145, 52.686967993290807, 0.0 ], [ -1.660835130751481, 52.686967989064385, 0.0 ], [ -1.660835186260505, 52.686960797469773, 0.0 ], [ -1.660836665575921, 52.686960801696216, 0.0 ] ] } },
{ "type": "Feature", "properties": { }, "geometry": { "type": "LineString", "coordinates": [ [ -1.660791560331818, 52.686958874883281, 0.0 ], [ -1.660791834443096, 52.686923366420444, 0.0 ], [ -1.660844350097687, 52.68692351646667, 0.0 ], [ -1.660844076029888, 52.686959024929401, 0.0 ], [ -1.660791560331818, 52.686958874883281, 0.0 ] ] } },
{ "type": "Feature", "properties": { }, "geometry": { "type": "LineString", "coordinates": [ [ -1.660835186260505, 52.686960797469773, 0.0 ], [ -1.660847020783845, 52.686960831280672, 0.0 ], [ -1.660846965276805, 52.686968022875263, 0.0 ], [ -1.660835130751481, 52.686967989064385, 0.0 ], [ -1.660835186260505, 52.686960797469773, 0.0 ] ] } },
{ "type": "Feature", "properties": { }, "geometry": { "type": "LineString", "coordinates": [ [ -1.660775795393462, 52.686931411311967, 0.0 ], [ -1.660788664157264, 52.686950775921034, 0.0 ] ] } },
{ "type": "Feature", "properties": { }, "geometry": { "type": "LineString", "coordinates": [ [ -1.660788813358557, 52.686931448510435, 0.0 ], [ -1.660775646186303, 52.68695073872258, 0.0 ] ] } },
{ "type": "Feature", "properties": { }, "geometry": { "type": "LineString", "coordinates": [ [ -1.66079177199006, 52.686931457001727, 0.0 ], [ -1.660844138475105, 52.686950934458466, 0.0 ] ] } },
{ "type": "Feature", "properties": { }, "geometry": { "type": "LineString", "coordinates": [ [ -1.660844287651561, 52.686931607047924, 0.0 ], [ -1.660791622790101, 52.686950784412325, 0.0 ] ] } },
{ "type": "Feature", "properties": { }, "geometry": { "type": "LineString", "coordinates": [ [ -1.66084724628067, 52.686931615463251, 0.0 ], [ -1.660859671370518, 52.686950978796816, 0.0 ] ] } },
{ "type": "Feature", "properties": { }, "geometry": { "type": "LineString", "coordinates": [ [ -1.660859820539813, 52.686931651386296, 0.0 ], [ -1.66084709710571, 52.686950942873786, 0.0 ] ] } },
{ "type": "Feature", "properties": { }, "geometry": { "type": "LineString", "coordinates": [ [ -1.660788663984047, 52.68695077592055, 0.0 ], [ -1.660752420941626, 52.686950672353596, 0.0 ], [ -1.66075257015925, 52.686931344942977, 0.0 ], [ -1.660788813185339, 52.686931448509952, 0.0 ] ] } },
{ "type": "Feature", "properties": { }, "geometry": { "type": "LineString", "coordinates": [ [ -1.660847246280719, 52.686931615463273, 0.0 ], [ -1.66088718776992, 52.686931729566346, 0.0 ], [ -1.660887038612958, 52.686951056976824, 0.0 ], [ -1.660847097105759, 52.686950942873793, 0.0 ] ] } },
{ "type": "Feature", "properties": { }, "geometry": { "type": "LineString", "coordinates": [ [ -1.660788646635048, 52.686953023293867, 0.0 ], [ -1.660748705302907, 52.686952909158194, 0.0 ], [ -1.660748889224359, 52.686929087000905, 0.0 ], [ -1.660788830534316, 52.686929201136628, 0.0 ] ] } },
{ "type": "Feature", "properties": { }, "geometry": { "type": "LineString", "coordinates": [ [ -1.660847263626634, 52.686929368089963, 0.0 ], [ -1.660890903399595, 52.686929492757443, 0.0 ], [ -1.660890719557022, 52.68695331491454, 0.0 ], [ -1.660847079759822, 52.686953190247095, 0.0 ] ] } },
{ "type": "Feature", "properties": { }, "geometry": { "type": "LineString", "coordinates": [ [ -1.660788889520817, 52.686921560067312, 0.0 ], [ -1.660847322602725, 52.686921727020653, 0.0 ], [ -1.660847020783894, 52.686960831280665, 0.0 ], [ -1.66078858764871, 52.686960664327437, 0.0 ], [ -1.660788889520817, 52.686921560067312, 0.0 ] ] } },
{ "type": "Feature", "properties": { }, "geometry": { "type": "LineString", "coordinates": [ [ -1.660791560158601, 52.686958874882777, 0.0 ], [ -1.660791834269878, 52.686923366419983, 0.0 ], [ -1.660844350097736, 52.686923516466699, 0.0 ], [ -1.660844076029937, 52.686959024929401, 0.0 ], [ -1.660791560158601, 52.686958874882777, 0.0 ] ] } },
{ "type": "Feature", "properties": { }, "geometry": { "type": "LineString", "coordinates": [ [ -1.669303235842814, 52.685454085967805, 0.0 ], [ -1.669339477846936, 52.685454186904266, 0.0 ], [ -1.669339332496935, 52.685473514313664, 0.0 ], [ -1.669303090476781, 52.685473413377153, 0.0 ] ] } },
{ "type": "Feature", "properties": { }, "geometry": { "type": "LineString", "coordinates": [ [ -1.669244659456897, 52.685473250619424, 0.0 ], [ -1.669204719268575, 52.685473139350741, 0.0 ], [ -1.669204864678123, 52.685453811941535, 0.0 ], [ -1.669244804848778, 52.685453923210169, 0.0 ] ] } },
{ "type": "Feature", "properties": { }, "geometry": { "type": "LineString", "coordinates": [ [ -1.66930325274583, 52.685451838594616, 0.0 ], [ -1.669343192911918, 52.685451949830082, 0.0 ], [ -1.669343013761608, 52.685475771985864, 0.0 ], [ -1.669303073573743, 52.685475660750335, 0.0 ] ] } },
{ "type": "Feature", "properties": { }, "geometry": { "type": "LineString", "coordinates": [ [ -1.669244642550854, 52.685475497992599, 0.0 ], [ -1.669201004194715, 52.685475376420555, 0.0 ], [ -1.669201183422453, 52.685451554265036, 0.0 ], [ -1.669244821754799, 52.685451675836987, 0.0 ] ] } },
{ "type": "Feature", "properties": { }, "geometry": { "type": "LineString", "coordinates": [ [ -1.669303016103397, 52.685483301819126, 0.0 ], [ -1.669244585070289, 52.685483139061354, 0.0 ], [ -1.669244879234987, 52.685444034803893, 0.0 ], [ -1.6693033102158, 52.68544419756148, 0.0 ], [ -1.669303016103397, 52.685483301819126, 0.0 ] ] } },
{ "type": "Feature", "properties": { }, "geometry": { "type": "LineString", "coordinates": [ [ -1.669244879234987, 52.685444034803893, 0.0 ], [ -1.669244933334217, 52.685436843209715, 0.0 ], [ -1.669246412599224, 52.685436847330521, 0.0 ], [ -1.669246358500238, 52.685444038924693, 0.0 ], [ -1.669244879234987, 52.685444034803893, 0.0 ] ] } },
{ "type": "Feature", "properties": { }, "geometry": { "type": "LineString", "coordinates": [ [ -1.669255234091746, 52.685444063649101, 0.0 ], [ -1.669255288189271, 52.685436872054936, 0.0 ], [ -1.66925676745428, 52.685436876175601, 0.0 ], [ -1.669256713356998, 52.685444067769772, 0.0 ], [ -1.669255234091746, 52.685444063649101, 0.0 ] ] } },
{ "type": "Feature", "properties": { }, "geometry": { "type": "LineString", "coordinates": [ [ -1.669300338162744, 52.685445987219829, 0.0 ], [ -1.66930007109278, 52.685481495680378, 0.0 ], [ -1.669247557128157, 52.685481349404405, 0.0 ], [ -1.669247824240799, 52.685445840944013, 0.0 ], [ -1.669300338162744, 52.685445987219829, 0.0 ] ] } },
{ "type": "Feature", "properties": { }, "geometry": { "type": "LineString", "coordinates": [ [ -1.669256713356998, 52.685444067769772, 0.0 ], [ -1.669244879234987, 52.685444034803893, 0.0 ], [ -1.669244933334217, 52.685436843209715, 0.0 ], [ -1.66925676745428, 52.685436876175601, 0.0 ], [ -1.669256713356998, 52.685444067769772, 0.0 ] ] } },
{ "type": "Feature", "properties": { }, "geometry": { "type": "LineString", "coordinates": [ [ -1.669316108018244, 52.685473449633172, 0.0 ], [ -1.669303235842814, 52.685454085967805, 0.0 ] ] } },
{ "type": "Feature", "properties": { }, "geometry": { "type": "LineString", "coordinates": [ [ -1.669303090476781, 52.685473413377153, 0.0 ], [ -1.669316253378518, 52.685454122223803, 0.0 ] ] } },
{ "type": "Feature", "properties": { }, "geometry": { "type": "LineString", "coordinates": [ [ -1.669300131941558, 52.685473405099657, 0.0 ], [ -1.66924776338039, 52.685453931414457, 0.0 ] ] } },
{ "type": "Feature", "properties": { }, "geometry": { "type": "LineString", "coordinates": [ [ -1.669247617989657, 52.685473258823734, 0.0 ], [ -1.6693002773089, 52.685454077690302, 0.0 ] ] } },
{ "type": "Feature", "properties": { }, "geometry": { "type": "LineString", "coordinates": [ [ -1.669244659456897, 52.685473250619424, 0.0 ], [ -1.669232231004691, 52.685453888182359, 0.0 ] ] } },
{ "type": "Feature", "properties": { }, "geometry": { "type": "LineString", "coordinates": [ [ -1.669232085607249, 52.685473215591607, 0.0 ], [ -1.669244804848778, 52.685453923210169, 0.0 ] ] } },
{ "type": "Feature", "properties": { }, "geometry": { "type": "LineString", "coordinates": [ [ -1.669303236016025, 52.685454085968288, 0.0 ], [ -1.669339477846802, 52.685454186904252, 0.0 ], [ -1.669339332496801, 52.685473514313642, 0.0 ], [ -1.669303090649993, 52.685473413377615, 0.0 ] ] } },
{ "type": "Feature", "properties": { }, "geometry": { "type": "LineString", "coordinates": [ [ -1.669244659456848, 52.68547325061941, 0.0 ], [ -1.669204719268568, 52.685473139350719, 0.0 ], [ -1.669204864678116, 52.685453811941528, 0.0 ], [ -1.669244804848729, 52.685453923210154, 0.0 ] ] } },
{ "type": "Feature", "properties": { }, "geometry": { "type": "LineString", "coordinates": [ [ -1.669303252919041, 52.6854518385951, 0.0 ], [ -1.669343192911777, 52.685451949830082, 0.0 ], [ -1.669343013761467, 52.685475771985843, 0.0 ], [ -1.669303073746955, 52.685475660750789, 0.0 ] ] } },
{ "type": "Feature", "properties": { }, "geometry": { "type": "LineString", "coordinates": [ [ -1.669244642550805, 52.685475497992563, 0.0 ], [ -1.669201004194715, 52.685475376420534, 0.0 ], [ -1.669201183422453, 52.685451554265036, 0.0 ], [ -1.66924482175475, 52.685451675836987, 0.0 ] ] } },
{ "type": "Feature", "properties": { }, "geometry": { "type": "LineString", "coordinates": [ [ -1.669303016276609, 52.685483301819573, 0.0 ], [ -1.669244585070241, 52.685483139061326, 0.0 ], [ -1.669244879234938, 52.685444034803901, 0.0 ], [ -1.669303310389011, 52.685444197561978, 0.0 ], [ -1.669303016276609, 52.685483301819573, 0.0 ] ] } },
{ "type": "Feature", "properties": { }, "geometry": { "type": "LineString", "coordinates": [ [ -1.669300338335955, 52.685445987220319, 0.0 ], [ -1.669300071265992, 52.685481495680833, 0.0 ], [ -1.669247557128108, 52.685481349404391, 0.0 ], [ -1.66924782424075, 52.68544584094402, 0.0 ], [ -1.669300338335955, 52.685445987220319, 0.0 ] ] } },
{ "type": "Feature", "properties": { }, "geometry": { "type": "LineString", "coordinates": [ [ -1.669240961288141, 52.685473240317314, 0.0 ], [ -1.669204719268575, 52.685473139350741, 0.0 ], [ -1.669204864678123, 52.685453811941535, 0.0 ], [ -1.669241106681657, 52.685453912908066, 0.0 ] ] } },
{ "type": "Feature", "properties": { }, "geometry": { "type": "LineString", "coordinates": [ [ -1.669299537675658, 52.685454075667529, 0.0 ], [ -1.669339477846936, 52.685454186904266, 0.0 ], [ -1.669339332496935, 52.685473514313664, 0.0 ], [ -1.669299392307989, 52.685473403076884, 0.0 ] ] } },
{ "type": "Feature", "properties": { }, "geometry": { "type": "LineString", "coordinates": [ [ -1.669240944381907, 52.685475487690489, 0.0 ], [ -1.669201004194715, 52.685475376420555, 0.0 ], [ -1.669201183422453, 52.685451554265036, 0.0 ], [ -1.669241123587869, 52.685451665534892, 0.0 ] ] } },
{ "type": "Feature", "properties": { }, "geometry": { "type": "LineString", "coordinates": [ [ -1.669299554578864, 52.685451828294347, 0.0 ], [ -1.669343192911918, 52.685451949830082, 0.0 ], [ -1.669343013761608, 52.685475771985864, 0.0 ], [ -1.669299375404761, 52.685475650450044, 0.0 ] ] } },
{ "type": "Feature", "properties": { }, "geometry": { "type": "LineString", "coordinates": [ [ -1.669241181068973, 52.685444024466094, 0.0 ], [ -1.669299612049749, 52.685444187225528, 0.0 ], [ -1.669299317934036, 52.685483291483138, 0.0 ], [ -1.669240886900965, 52.685483128723547, 0.0 ], [ -1.669241181068973, 52.685444024466094, 0.0 ] ] } },
{ "type": "Feature", "properties": { }, "geometry": { "type": "LineString", "coordinates": [ [ -1.669299317934036, 52.685483291483138, 0.0 ], [ -1.669299263843666, 52.685490483077281, 0.0 ], [ -1.669297784576836, 52.685490478957149, 0.0 ], [ -1.669297838667449, 52.685483287362999, 0.0 ], [ -1.669299317934036, 52.685483291483138, 0.0 ] ] } },
{ "type": "Feature", "properties": { }, "geometry": { "type": "LineString", "coordinates": [ [ -1.669288963067935, 52.685483262641775, 0.0 ], [ -1.669288908975861, 52.685490454235911, 0.0 ], [ -1.669287429709033, 52.685490450115644, 0.0 ], [ -1.669287483801351, 52.685483258521501, 0.0 ], [ -1.669288963067935, 52.685483262641775, 0.0 ] ] } },
{ "type": "Feature", "properties": { }, "geometry": { "type": "LineString", "coordinates": [ [ -1.669243858958983, 52.685481339066698, 0.0 ], [ -1.66924412607463, 52.685445830606319, 0.0 ], [ -1.669296639996543, 52.68544597688377, 0.0 ], [ -1.669296372923573, 52.685481485344305, 0.0 ], [ -1.669243858958983, 52.685481339066698, 0.0 ] ] } },
{ "type": "Feature", "properties": { }, "geometry": { "type": "LineString", "coordinates": [ [ -1.669287483801351, 52.685483258521501, 0.0 ], [ -1.669299317934036, 52.685483291483138, 0.0 ], [ -1.669299263843666, 52.685490483077281, 0.0 ], [ -1.669287429709033, 52.685490450115644, 0.0 ], [ -1.669287483801351, 52.685483258521501, 0.0 ] ] } },
{ "type": "Feature", "properties": { }, "geometry": { "type": "LineString", "coordinates": [ [ -1.669228089146114, 52.68545387664382, 0.0 ], [ -1.669240961288141, 52.685473240317314, 0.0 ] ] } },
{ "type": "Feature", "properties": { }, "geometry": { "type": "LineString", "coordinates": [ [ -1.669241106681657, 52.685453912908066, 0.0 ], [ -1.66922794374684, 52.685473204053046, 0.0 ] ] } },
{ "type": "Feature", "properties": { }, "geometry": { "type": "LineString", "coordinates": [ [ -1.669244065215542, 52.685453921187026, 0.0 ], [ -1.669296433775042, 52.68547339487386, 0.0 ] ] } },
{ "type": "Feature", "properties": { }, "geometry": { "type": "LineString", "coordinates": [ [ -1.669296579144182, 52.685454067464526, 0.0 ], [ -1.669243919823335, 52.685473248596303, 0.0 ] ] } },
{ "type": "Feature", "properties": { }, "geometry": { "type": "LineString", "coordinates": [ [ -1.669299537675658, 52.685454075667529, 0.0 ], [ -1.669311966157777, 52.685473438097546, 0.0 ] ] } },
{ "type": "Feature", "properties": { }, "geometry": { "type": "LineString", "coordinates": [ [ -1.669312111519883, 52.685454110688191, 0.0 ], [ -1.669299392307989, 52.685473403076884, 0.0 ] ] } },
{ "type": "Feature", "properties": { }, "geometry": { "type": "LineString", "coordinates": [ [ -1.669240961114929, 52.685473240316846, 0.0 ], [ -1.66920471926871, 52.685473139350741, 0.0 ], [ -1.669204864678257, 52.685453811941557, 0.0 ], [ -1.669241106508445, 52.685453912907612, 0.0 ] ] } },
{ "type": "Feature", "properties": { }, "geometry": { "type": "LineString", "coordinates": [ [ -1.669299537675707, 52.685454075667543, 0.0 ], [ -1.669339477846943, 52.685454186904288, 0.0 ], [ -1.669339332496942, 52.685473514313664, 0.0 ], [ -1.669299392308038, 52.685473403076884, 0.0 ] ] } },
{ "type": "Feature", "properties": { }, "geometry": { "type": "LineString", "coordinates": [ [ -1.669240944208696, 52.685475487690006, 0.0 ], [ -1.669201004194856, 52.685475376420555, 0.0 ], [ -1.669201183422594, 52.685451554265057, 0.0 ], [ -1.669241123414657, 52.685451665534423, 0.0 ] ] } },
{ "type": "Feature", "properties": { }, "geometry": { "type": "LineString", "coordinates": [ [ -1.669299554578913, 52.685451828294362, 0.0 ], [ -1.669343192911918, 52.68545194983011, 0.0 ], [ -1.669343013761608, 52.685475771985864, 0.0 ], [ -1.66929937540481, 52.685475650450044, 0.0 ] ] } },
{ "type": "Feature", "properties": { }, "geometry": { "type": "LineString", "coordinates": [ [ -1.669241180895761, 52.685444024465639, 0.0 ], [ -1.669299612049798, 52.685444187225542, 0.0 ], [ -1.669299317934086, 52.685483291483131, 0.0 ], [ -1.669240886727753, 52.68548312872305, 0.0 ], [ -1.669241180895761, 52.685444024465639, 0.0 ] ] } },
{ "type": "Feature", "properties": { }, "geometry": { "type": "LineString", "coordinates": [ [ -1.669243858785771, 52.685481339066207, 0.0 ], [ -1.669244125901418, 52.685445830605865, 0.0 ], [ -1.669296639996591, 52.685445976883798, 0.0 ], [ -1.669296372923623, 52.68548148534429, 0.0 ], [ -1.669243858785771, 52.685481339066207, 0.0 ] ] } },
{ "type": "Feature", "properties": { }, "geometry": { "type": "LineString", "coordinates": [ [ -1.661697616894535, 52.688514347225933, 0.0 ], [ -1.66173386143537, 52.68851445049755, 0.0 ], [ -1.66173371265122, 52.688533777902023, 0.0 ], [ -1.661697468094051, 52.688533674630435, 0.0 ] ] } },
{ "type": "Feature", "properties": { }, "geometry": { "type": "LineString", "coordinates": [ [ -1.661639032983895, 52.688533508108002, 0.0 ], [ -1.661599089999704, 52.688533394265988, 0.0 ], [ -1.661599238844522, 52.688514066861352, 0.0 ], [ -1.661639181810714, 52.688514180703436, 0.0 ] ] } },
{ "type": "Feature", "properties": { }, "geometry": { "type": "LineString", "coordinates": [ [ -1.661697634196906, 52.68851209985332, 0.0 ], [ -1.661737577158517, 52.688512213662236, 0.0 ], [ -1.661737393775456, 52.688536035811921, 0.0 ], [ -1.661697450791658, 52.688535922003062, 0.0 ] ] } },
{ "type": "Feature", "properties": { }, "geometry": { "type": "LineString", "coordinates": [ [ -1.66163901567844, 52.688535755480629, 0.0 ], [ -1.661595374267513, 52.68853563109699, 0.0 ], [ -1.66159555772946, 52.688511808947105, 0.0 ], [ -1.661639199116146, 52.688511933330808, 0.0 ] ] } },
{ "type": "Feature", "properties": { }, "geometry": { "type": "LineString", "coordinates": [ [ -1.661697391963504, 52.688543563069935, 0.0 ], [ -1.661638956839875, 52.68854339654753, 0.0 ], [ -1.661639257954325, 52.688504292299569, 0.0 ], [ -1.661697693024673, 52.688504458822095, 0.0 ], [ -1.661697391963504, 52.688543563069935, 0.0 ] ] } },
{ "type": "Feature", "properties": { }, "geometry": { "type": "LineString", "coordinates": [ [ -1.661639257954325, 52.688504292299569, 0.0 ], [ -1.661639313331668, 52.688497100707146, 0.0 ], [ -1.661640792700203, 52.688497104923258, 0.0 ], [ -1.661640737323107, 52.688504296515681, 0.0 ], [ -1.661639257954325, 52.688504292299569, 0.0 ] ] } },
{ "type": "Feature", "properties": { }, "geometry": { "type": "LineString", "coordinates": [ [ -1.661649613535809, 52.688504321811983, 0.0 ], [ -1.661649668911416, 52.688497130219574, 0.0 ], [ -1.661651148279953, 52.688497134435565, 0.0 ], [ -1.661651092904594, 52.688504326027974, 0.0 ], [ -1.661649613535809, 52.688504321811983, 0.0 ] ] } },
{ "type": "Feature", "properties": { }, "geometry": { "type": "LineString", "coordinates": [ [ -1.661694720445066, 52.688506248289372, 0.0 ], [ -1.661694447065258, 52.688541756741031, 0.0 ], [ -1.661641929424385, 52.688541607081632, 0.0 ], [ -1.661642202847674, 52.68850609862988, 0.0 ], [ -1.661694720445066, 52.688506248289372, 0.0 ] ] } },
{ "type": "Feature", "properties": { }, "geometry": { "type": "LineString", "coordinates": [ [ -1.661651092904594, 52.688504326027974, 0.0 ], [ -1.661639257954325, 52.688504292299569, 0.0 ], [ -1.661639313331668, 52.688497100707146, 0.0 ], [ -1.661651148279953, 52.688497134435565, 0.0 ], [ -1.661651092904594, 52.688504326027974, 0.0 ] ] } },
{ "type": "Feature", "properties": { }, "geometry": { "type": "LineString", "coordinates": [ [ -1.661710486546768, 52.688533711725185, 0.0 ], [ -1.661697616894535, 52.688514347225933, 0.0 ] ] } },
{ "type": "Feature", "properties": { }, "geometry": { "type": "LineString", "coordinates": [ [ -1.661697468094051, 52.688533674630435, 0.0 ], [ -1.661710635341385, 52.688514384320683, 0.0 ] ] } },
{ "type": "Feature", "properties": { }, "geometry": { "type": "LineString", "coordinates": [ [ -1.661694509351732, 52.688533666162321, 0.0 ], [ -1.66164214054941, 52.688514189098356, 0.0 ] ] } },
{ "type": "Feature", "properties": { }, "geometry": { "type": "LineString", "coordinates": [ [ -1.661641991723764, 52.688533516502929, 0.0 ], [ -1.661694658153549, 52.68851433875782, 0.0 ] ] } },
{ "type": "Feature", "properties": { }, "geometry": { "type": "LineString", "coordinates": [ [ -1.661639032983895, 52.688533508108002, 0.0 ], [ -1.661626607086544, 52.688514144865465, 0.0 ] ] } },
{ "type": "Feature", "properties": { }, "geometry": { "type": "LineString", "coordinates": [ [ -1.661626458254059, 52.688533472270052, 0.0 ], [ -1.661639181810714, 52.688514180703436, 0.0 ] ] } },
{ "type": "Feature", "properties": { }, "geometry": { "type": "LineString", "coordinates": [ [ -1.661697617067758, 52.68851434722643, 0.0 ], [ -1.661733861435236, 52.68851445049755, 0.0 ], [ -1.661733712651086, 52.688533777901995, 0.0 ], [ -1.661697468267275, 52.688533674630925, 0.0 ] ] } },
{ "type": "Feature", "properties": { }, "geometry": { "type": "LineString", "coordinates": [ [ -1.661639032983847, 52.688533508107987, 0.0 ], [ -1.661599089999697, 52.68853339426596, 0.0 ], [ -1.661599238844515, 52.688514066861352, 0.0 ], [ -1.661639181810664, 52.688514180703436, 0.0 ] ] } },
{ "type": "Feature", "properties": { }, "geometry": { "type": "LineString", "coordinates": [ [ -1.661697634370129, 52.68851209985381, 0.0 ], [ -1.661737577158376, 52.688512213662236, 0.0 ], [ -1.661737393775315, 52.6885360358119, 0.0 ], [ -1.661697450964882, 52.688535922003524, 0.0 ] ] } },
{ "type": "Feature", "properties": { }, "geometry": { "type": "LineString", "coordinates": [ [ -1.661639015678392, 52.688535755480608, 0.0 ], [ -1.661595374267513, 52.688535631096961, 0.0 ], [ -1.66159555772946, 52.688511808947105, 0.0 ], [ -1.661639199116097, 52.688511933330808, 0.0 ] ] } },
{ "type": "Feature", "properties": { }, "geometry": { "type": "LineString", "coordinates": [ [ -1.661697392136728, 52.688543563070397, 0.0 ], [ -1.661638956839826, 52.688543396547495, 0.0 ], [ -1.661639257954276, 52.688504292299584, 0.0 ], [ -1.661697693197897, 52.688504458822599, 0.0 ], [ -1.661697392136728, 52.688543563070397, 0.0 ] ] } },
{ "type": "Feature", "properties": { }, "geometry": { "type": "LineString", "coordinates": [ [ -1.661694720618289, 52.688506248289876, 0.0 ], [ -1.661694447238482, 52.688541756741479, 0.0 ], [ -1.661641929424336, 52.688541607081618, 0.0 ], [ -1.661642202847625, 52.688506098629887, 0.0 ], [ -1.661694720618289, 52.688506248289876, 0.0 ] ] } },
{ "type": "Feature", "properties": { }, "geometry": { "type": "LineString", "coordinates": [ [ -1.661635334556262, 52.688533497567633, 0.0 ], [ -1.661599089999704, 52.688533394265988, 0.0 ], [ -1.661599238844522, 52.688514066861352, 0.0 ], [ -1.661635483384746, 52.688514170163053, 0.0 ] ] } },
{ "type": "Feature", "properties": { }, "geometry": { "type": "LineString", "coordinates": [ [ -1.661693918468531, 52.688514336687383, 0.0 ], [ -1.66173386143537, 52.68851445049755, 0.0 ], [ -1.66173371265122, 52.688533777902023, 0.0 ], [ -1.66169376966638, 52.688533664091892, 0.0 ] ] } },
{ "type": "Feature", "properties": { }, "geometry": { "type": "LineString", "coordinates": [ [ -1.661635317250613, 52.68853574494026, 0.0 ], [ -1.661595374267513, 52.68853563109699, 0.0 ], [ -1.66159555772946, 52.688511808947105, 0.0 ], [ -1.661635500690373, 52.688511922790447, 0.0 ] ] } },
{ "type": "Feature", "properties": { }, "geometry": { "type": "LineString", "coordinates": [ [ -1.661693935771095, 52.688512089314763, 0.0 ], [ -1.661737577158517, 52.688512213662236, 0.0 ], [ -1.661737393775456, 52.688536035811921, 0.0 ], [ -1.661693752363793, 52.688535911464506, 0.0 ] ] } },
{ "type": "Feature", "properties": { }, "geometry": { "type": "LineString", "coordinates": [ [ -1.661635559529485, 52.688504281723482, 0.0 ], [ -1.661693994599796, 52.688504448247841, 0.0 ], [ -1.661693693535255, 52.688543552495673, 0.0 ], [ -1.661635258411663, 52.688543385971457, 0.0 ], [ -1.661635559529485, 52.688504281723482, 0.0 ] ] } },
{ "type": "Feature", "properties": { }, "geometry": { "type": "LineString", "coordinates": [ [ -1.661693693535255, 52.688543552495673, 0.0 ], [ -1.661693638166936, 52.688550744088033, 0.0 ], [ -1.661692158796543, 52.688550739872582, 0.0 ], [ -1.66169221416511, 52.688543548280229, 0.0 ], [ -1.661693693535255, 52.688543552495673, 0.0 ] ] } },
{ "type": "Feature", "properties": { }, "geometry": { "type": "LineString", "coordinates": [ [ -1.66168333794425, 52.68854352298716, 0.0 ], [ -1.661683282574194, 52.68855071457952, 0.0 ], [ -1.661681803203804, 52.688550710363941, 0.0 ], [ -1.661681858574108, 52.688543518771581, 0.0 ], [ -1.66168333794425, 52.68854352298716, 0.0 ] ] } },
{ "type": "Feature", "properties": { }, "geometry": { "type": "LineString", "coordinates": [ [ -1.661638230996326, 52.688541596505651, 0.0 ], [ -1.661638504422678, 52.688506088053892, 0.0 ], [ -1.661691022020036, 52.688506237715018, 0.0 ], [ -1.661690748637166, 52.688541746166685, 0.0 ], [ -1.661638230996326, 52.688541596505651, 0.0 ] ] } },
{ "type": "Feature", "properties": { }, "geometry": { "type": "LineString", "coordinates": [ [ -1.661681858574108, 52.688543518771581, 0.0 ], [ -1.661693693535255, 52.688543552495673, 0.0 ], [ -1.661693638166936, 52.688550744088033, 0.0 ], [ -1.661681803203804, 52.688550710363941, 0.0 ], [ -1.661681858574108, 52.688543518771581, 0.0 ] ] } },
{ "type": "Feature", "properties": { }, "geometry": { "type": "LineString", "coordinates": [ [ -1.661622464938064, 52.688514133060046, 0.0 ], [ -1.661635334556262, 52.688533497567633, 0.0 ] ] } },
{ "type": "Feature", "properties": { }, "geometry": { "type": "LineString", "coordinates": [ [ -1.661635483384746, 52.688514170163053, 0.0 ], [ -1.661622316103713, 52.688533460464647, 0.0 ] ] } },
{ "type": "Feature", "properties": { }, "geometry": { "type": "LineString", "coordinates": [ [ -1.661638442125702, 52.688514178632651, 0.0 ], [ -1.661690810926324, 52.688533655698251, 0.0 ] ] } },
{ "type": "Feature", "properties": { }, "geometry": { "type": "LineString", "coordinates": [ [ -1.66169095972997, 52.688514328293749, 0.0 ], [ -1.661638293298551, 52.688533506037224, 0.0 ] ] } },
{ "type": "Feature", "properties": { }, "geometry": { "type": "LineString", "coordinates": [ [ -1.661693918468531, 52.688514336687383, 0.0 ], [ -1.661706344396362, 52.688533699922715, 0.0 ] ] } },
{ "type": "Feature", "properties": { }, "geometry": { "type": "LineString", "coordinates": [ [ -1.661706493192846, 52.688514372518199, 0.0 ], [ -1.66169376966638, 52.688533664091892, 0.0 ] ] } },
{ "type": "Feature", "properties": { }, "geometry": { "type": "LineString", "coordinates": [ [ -1.661635334383038, 52.688533497567136, 0.0 ], [ -1.661599089999838, 52.688533394265988, 0.0 ], [ -1.661599238844657, 52.688514066861366, 0.0 ], [ -1.661635483211523, 52.688514170162577, 0.0 ] ] } },
{ "type": "Feature", "properties": { }, "geometry": { "type": "LineString", "coordinates": [ [ -1.66169391846858, 52.68851433668739, 0.0 ], [ -1.661733861435377, 52.688514450497571, 0.0 ], [ -1.661733712651227, 52.688533777902023, 0.0 ], [ -1.66169376966643, 52.688533664091892, 0.0 ] ] } },
{ "type": "Feature", "properties": { }, "geometry": { "type": "LineString", "coordinates": [ [ -1.661635317077389, 52.68853574493977, 0.0 ], [ -1.661595374267654, 52.68853563109699, 0.0 ], [ -1.661595557729601, 52.688511808947133, 0.0 ], [ -1.661635500517149, 52.688511922789964, 0.0 ] ] } },
{ "type": "Feature", "properties": { }, "geometry": { "type": "LineString", "coordinates": [ [ -1.661693935771144, 52.688512089314784, 0.0 ], [ -1.661737577158517, 52.688512213662257, 0.0 ], [ -1.661737393775456, 52.688536035811921, 0.0 ], [ -1.661693752363842, 52.688535911464506, 0.0 ] ] } },
{ "type": "Feature", "properties": { }, "geometry": { "type": "LineString", "coordinates": [ [ -1.661635559356262, 52.688504281723027, 0.0 ], [ -1.661693994599845, 52.688504448247862, 0.0 ], [ -1.661693693535305, 52.688543552495659, 0.0 ], [ -1.66163525823844, 52.688543385970952, 0.0 ], [ -1.661635559356262, 52.688504281723027, 0.0 ] ] } },
{ "type": "Feature", "properties": { }, "geometry": { "type": "LineString", "coordinates": [ [ -1.661638230823103, 52.688541596505146, 0.0 ], [ -1.661638504249454, 52.68850608805343, 0.0 ], [ -1.661691022020085, 52.688506237715053, 0.0 ], [ -1.661690748637215, 52.688541746166678, 0.0 ], [ -1.661638230823103, 52.688541596505146, 0.0 ] ] } }
]
}
